Date;LandAverageTemperature Â°C
1850-1-1;0.714
1850-2-1;3.051
1850-3-1;4.764
1850-4-1;7.17
1850-5-1;9.932
1850-6-1;12.864
1850-7-1;14.257
1850-8-1;13.819
1850-9-1;11.299
1850-10-1;7.897
1850-11-1;4.607
1850-12-1;2.499
1851-1-1;2.499
1851-2-1;2.471
1851-3-1;4.066
1851-4-1;7.222
1851-5-1;10.938
1851-6-1;13.043
1851-7-1;14.221
1851-8-1;13.452
1851-9-1;11.484
1851-10-1;8.947
1851-11-1;4.828
1851-12-1;3.113
1852-1-1;2.305
1852-2-1;2.336
1852-3-1;3.588
1852-4-1;7.381
1852-5-1;11.068
1852-6-1;12.835
1852-7-1;14.094
1852-8-1;12.939
1852-9-1;11.302
1852-10-1;8.8
1852-11-1;4.512
1852-12-1;3.778
1853-1-1;1.735
1853-2-1;2.079
1853-3-1;3.924
1853-4-1;7.564
1853-5-1;10.845
1853-6-1;13.13
1853-7-1;14.435
1853-8-1;13.781
1853-9-1;11.424
1853-10-1;8.458
1853-11-1;4.621
1853-12-1;2.936
1854-1-1;1.181
1854-2-1;1.804
1854-3-1;4.725
1854-4-1;7.623
1854-5-1;10.951
1854-6-1;12.511
1854-7-1;14.342
1854-8-1;13.607
1854-9-1;11.41
1854-10-1;9.766
1854-11-1;5.736
1854-12-1;3.537
1855-1-1;2.699
1855-2-1;2.986
1855-3-1;4.607
1855-4-1;8.596
1855-5-1;11.191
1855-6-1;12.799
1855-7-1;13.571
1855-8-1;13.317
1855-9-1;11.054
1855-10-1;8.419
1855-11-1;5.127
1855-12-1;2.029
1856-1-1;2.758
1856-2-1;2.174
1856-3-1;4.336
1856-4-1;7.835
1856-5-1;10.611
1856-6-1;13.357
1856-7-1;14.101
1856-8-1;12.897
1856-9-1;10.79
1856-10-1;7.995
1856-11-1;5.203
1856-12-1;3.312
1857-1-1;1.785
1857-2-1;2.213
1857-3-1;4.357
1857-4-1;6.794
1857-5-1;9.781
1857-6-1;12.417
1857-7-1;13.674
1857-8-1;13.113
1857-9-1;11.087
1857-10-1;8.175
1857-11-1;5.233
1857-12-1;3.56
1858-1-1;2.553
1858-2-1;2.156
1858-3-1;4.802
1858-4-1;8.271
1858-5-1;10.869
1858-6-1;13.145
1858-7-1;13.755
1858-8-1;13.219
1858-9-1;11.138
1858-10-1;8.753
1858-11-1;5.911
1858-12-1;2.477
1859-1-1;1.972
1859-2-1;2.606
1859-3-1;4.882
1859-4-1;8.652
1859-5-1;11.503
1859-6-1;13.278
1859-7-1;13.894
1859-8-1;13.258
1859-9-1;11.091
1859-10-1;8.912
1859-11-1;5.864
1859-12-1;3.302
1860-1-1;1.807
1860-2-1;2.447
1860-3-1;3.363
1860-4-1;7.857
1860-5-1;11.036
1860-6-1;13.213
1860-7-1;14.109
1860-8-1;13.784
1860-9-1;11.742
1860-10-1;8.625
1860-11-1;4.904
1860-12-1;1.556
1861-1-1;0.432
1861-2-1;2.16
1861-3-1;4.404
1861-4-1;7.53
1861-5-1;10.464
1861-6-1;12.897
1861-7-1;13.938
1861-8-1;13.722
1861-9-1;11.3
1861-10-1;8.252
1861-11-1;5.781
1861-12-1;2.898
1862-1-1;0.48
1862-2-1;1.543
1862-3-1;4.201
1862-4-1;7.139
1862-5-1;10.839
1862-6-1;12.766
1862-7-1;13.828
1862-8-1;13.04
1862-9-1;10.984
1862-10-1;8.16
1862-11-1;4.755
1862-12-1;1.582
1863-1-1;2.959
1863-2-1;3.371
1863-3-1;4.642
1863-4-1;8.09
1863-5-1;11.194
1863-6-1;12.954
1863-7-1;13.708
1863-8-1;13.088
1863-9-1;10.969
1863-10-1;8.036
1863-11-1;5.391
1863-12-1;2.701
1864-1-1;1.483
1864-2-1;2.549
1864-3-1;4.616
1864-4-1;7.555
1864-5-1;11.092
1864-6-1;13.283
1864-7-1;14.066
1864-8-1;13.315
1864-9-1;11.286
1864-10-1;8.629
1864-11-1;5.088
1864-12-1;2.179
1865-1-1;2.911
1865-2-1;2.122
1865-3-1;3.987
1865-4-1;7.413
1865-5-1;10.883
1865-6-1;12.988
1865-7-1;14.076
1865-8-1;13.547
1865-9-1;11.73
1865-10-1;9.081
1865-11-1;6.155
1865-12-1;2.695
1866-1-1;2.914
1866-2-1;2.143
1866-3-1;4.286
1866-4-1;7.78
1866-5-1;10.813
1866-6-1;12.676
1866-7-1;14.47
1866-8-1;13.345
1866-9-1;11.545
1866-10-1;8.532
1866-11-1;5.959
1866-12-1;4.024
1867-1-1;2.394
1867-2-1;2.466
1867-3-1;4.375
1867-4-1;8.112
1867-5-1;10.464
1867-6-1;13.211
1867-7-1;14.163
1867-8-1;13.54
1867-9-1;11.792
1867-10-1;9.205
1867-11-1;6.933
1867-12-1;3.685
1868-1-1;1.697
1868-2-1;1.679
1868-3-1;4.399
1868-4-1;8.023
1868-5-1;11.105
1868-6-1;13.125
1868-7-1;14.402
1868-8-1;13.652
1868-9-1;11.402
1868-10-1;9.262
1868-11-1;5.037
1868-12-1;3.17
1869-1-1;2.16
1869-2-1;3.712
1869-3-1;3.982
1869-4-1;7.871
1869-5-1;11.189
1869-6-1;13.385
1869-7-1;14.266
1869-8-1;13.834
1869-9-1;12.248
1869-10-1;8.883
1869-11-1;5.701
1869-12-1;2.703
1870-1-1;1.922
1870-2-1;1.916
1870-3-1;4.418
1870-4-1;7.772
1870-5-1;11.131
1870-6-1;13.594
1870-7-1;14.424
1870-8-1;13.374
1870-9-1;11.879
1870-10-1;8.716
1870-11-1;5.499
1870-12-1;2.155
1871-1-1;1.243
1871-2-1;1.565
1871-3-1;4.633
1871-4-1;8.314
1871-5-1;10.734
1871-6-1;13.006
1871-7-1;14.169
1871-8-1;13.788
1871-9-1;11.513
1871-10-1;8.986
1871-11-1;4.85
1871-12-1;2.844
1872-1-1;1.61
1872-2-1;2.301
1872-3-1;4.716
1872-4-1;7.731
1872-5-1;11.085
1872-6-1;12.96
1872-7-1;14.172
1872-8-1;13.738
1872-9-1;11.782
1872-10-1;9.015
1872-11-1;5.142
1872-12-1;2.418
1873-1-1;1.851
1873-2-1;3.066
1873-3-1;4.701
1873-4-1;7.363
1873-5-1;10.903
1873-6-1;13.278
1873-7-1;14.149
1873-8-1;13.674
1873-9-1;11.428
1873-10-1;9.086
1873-11-1;5.607
1873-12-1;3.553
1874-1-1;2.57
1874-2-1;3.055
1874-3-1;4.076
1874-4-1;8.1
1874-5-1;11.431
1874-6-1;13.203
1874-7-1;13.998
1874-8-1;13.702
1874-9-1;12.056
1874-10-1;9.093
1874-11-1;5.636
1874-12-1;3.301
1875-1-1;1.558
1875-2-1;2.405
1875-3-1;4.232
1875-4-1;7.519
1875-5-1;10.733
1875-6-1;13.104
1875-7-1;14.073
1875-8-1;13.304
1875-9-1;11.225
1875-10-1;8.613
1875-11-1;4.614
1875-12-1;2.752
1876-1-1;2
1876-2-1;2.722
1876-3-1;4.812
1876-4-1;8.227
1876-5-1;10.648
1876-6-1;13.087
1876-7-1;14.206
1876-8-1;13.397
1876-9-1;11.635
1876-10-1;8.947
1876-11-1;5.095
1876-12-1;2.159
1877-1-1;2.271
1877-2-1;2.894
1877-3-1;5.325
1877-4-1;7.978
1877-5-1;11.107
1877-6-1;13.238
1877-7-1;14.565
1877-8-1;14.094
1877-9-1;12.077
1877-10-1;9.257
1877-11-1;6.279
1877-12-1;2.844
1878-1-1;1.979
1878-2-1;3.839
1878-3-1;6.691
1878-4-1;8.903
1878-5-1;11
1878-6-1;13.76
1878-7-1;14.724
1878-8-1;14.102
1878-9-1;12.068
1878-10-1;9.162
1878-11-1;6.453
1878-12-1;3.389
1879-1-1;2.324
1879-2-1;2.704
1879-3-1;5.057
1879-4-1;7.768
1879-5-1;10.847
1879-6-1;13.14
1879-7-1;14.113
1879-8-1;13.225
1879-9-1;11.443
1879-10-1;9.327
1879-11-1;5.461
1879-12-1;2.457
1880-1-1;1.871
1880-2-1;1.856
1880-3-1;4.366
1880-4-1;7.387
1880-5-1;10.947
1880-6-1;13.053
1880-7-1;14.03
1880-8-1;13.548
1880-9-1;11.369
1880-10-1;8.654
1880-11-1;5.78
1880-12-1;3.213
1881-1-1;2.436
1881-2-1;2.604
1881-3-1;5.027
1881-4-1;8.326
1881-5-1;11.096
1881-6-1;12.639
1881-7-1;14.09
1881-8-1;13.702
1881-9-1;11.69
1881-10-1;8.82
1881-11-1;5.296
1881-12-1;3.278
1882-1-1;3.14
1882-2-1;3.27
1882-3-1;4.963
1882-4-1;7.641
1882-5-1;10.881
1882-6-1;12.814
1882-7-1;13.669
1882-8-1;13.569
1882-9-1;11.774
1882-10-1;8.52
1882-11-1;5.054
1882-12-1;2.33
1883-1-1;1.612
1883-2-1;1.961
1883-3-1;5.059
1883-4-1;7.743
1883-5-1;10.834
1883-6-1;13.286
1883-7-1;13.944
1883-8-1;13.194
1883-9-1;11.378
1883-10-1;8.958
1883-11-1;5.006
1883-12-1;3.365
1884-1-1;2.285
1884-2-1;2.647
1884-3-1;3.994
1884-4-1;7.209
1884-5-1;10.167
1884-6-1;12.518
1884-7-1;13.607
1884-8-1;13.275
1884-9-1;11.248
1884-10-1;8.577
1884-11-1;5.192
1884-12-1;3.133
1885-1-1;1.206
1885-2-1;2.359
1885-3-1;4.823
1885-4-1;7.528
1885-5-1;10.542
1885-6-1;12.716
1885-7-1;14.035
1885-8-1;13.292
1885-9-1;11.392
1885-10-1;8.749
1885-11-1;5.433
1885-12-1;3.801
1886-1-1;1.531
1886-2-1;1.838
1886-3-1;4.307
1886-4-1;8.014
1886-5-1;10.748
1886-6-1;12.803
1886-7-1;14.189
1886-8-1;13.224
1886-9-1;11.523
1886-10-1;8.557
1886-11-1;5.271
1886-12-1;3.692
1887-1-1;0.919
1887-2-1;2.159
1887-3-1;4.591
1887-4-1;7.826
1887-5-1;10.813
1887-6-1;12.778
1887-7-1;14.021
1887-8-1;13.034
1887-9-1;11.697
1887-10-1;8.731
1887-11-1;5.648
1887-12-1;2.974
1888-1-1;1.946
1888-2-1;2.177
1888-3-1;4.439
1888-4-1;7.848
1888-5-1;10.66
1888-6-1;12.861
1888-7-1;14.197
1888-8-1;13.484
1888-9-1;11.72
1888-10-1;9.184
1888-11-1;5.841
1888-12-1;3.381
1889-1-1;1.916
1889-2-1;3.59
1889-3-1;5.372
1889-4-1;8.624
1889-5-1;11.179
1889-6-1;13.279
1889-7-1;14.212
1889-8-1;13.426
1889-9-1;11.526
1889-10-1;8.748
1889-11-1;5.039
1889-12-1;3.164
1890-1-1;1.894
1890-2-1;2.496
1890-3-1;4.256
1890-4-1;7.821
1890-5-1;10.409
1890-6-1;12.777
1890-7-1;13.948
1890-8-1;13.219
1890-9-1;11.536
1890-10-1;9.14
1890-11-1;4.97
1890-12-1;2.984
1891-1-1;1.716
1891-2-1;1.902
1891-3-1;4.809
1891-4-1;7.663
1891-5-1;10.78
1891-6-1;12.82
1891-7-1;13.915
1891-8-1;13.453
1891-9-1;11.695
1891-10-1;8.663
1891-11-1;5.131
1891-12-1;3.689
1892-1-1;2.032
1892-2-1;2.808
1892-3-1;4.354
1892-4-1;7.624
1892-5-1;10.694
1892-6-1;13.244
1892-7-1;13.878
1892-8-1;13.376
1892-9-1;11.646
1892-10-1;9.207
1892-11-1;4.887
1892-12-1;2.945
1893-1-1;0.571
1893-2-1;1.708
1893-3-1;5.01
1893-4-1;7.998
1893-5-1;10.751
1893-6-1;13.062
1893-7-1;14.287
1893-8-1;13.436
1893-9-1;11.743
1893-10-1;9.09
1893-11-1;5.839
1893-12-1;3.137
1894-1-1;1.768
1894-2-1;2.914
1894-3-1;5.105
1894-4-1;7.703
1894-5-1;11
1894-6-1;12.846
1894-7-1;14.069
1894-8-1;13.537
1894-9-1;11.584
1894-10-1;9.123
1894-11-1;5.482
1894-12-1;3.243
1895-1-1;1.422
1895-2-1;2.133
1895-3-1;4.706
1895-4-1;8.24
1895-5-1;10.955
1895-6-1;13.08
1895-7-1;14.15
1895-8-1;13.519
1895-9-1;11.763
1895-10-1;9.122
1895-11-1;5.841
1895-12-1;3.485
1896-1-1;2.378
1896-2-1;2.798
1896-3-1;4.297
1896-4-1;7.457
1896-5-1;10.908
1896-6-1;13.299
1896-7-1;14.221
1896-8-1;13.669
1896-9-1;11.823
1896-10-1;9.434
1896-11-1;5.345
1896-12-1;3.344
1897-1-1;1.994
1897-2-1;2.533
1897-3-1;4.384
1897-4-1;8.325
1897-5-1;11.419
1897-6-1;13.271
1897-7-1;14.248
1897-8-1;13.632
1897-9-1;11.928
1897-10-1;9.241
1897-11-1;5.718
1897-12-1;3.29
1898-1-1;2.862
1898-2-1;2.451
1898-3-1;3.813
1898-4-1;7.907
1898-5-1;10.848
1898-6-1;13.377
1898-7-1;14.06
1898-8-1;13.54
1898-9-1;11.72
1898-10-1;8.778
1898-11-1;5.469
1898-12-1;3.497
1899-1-1;2.663
1899-2-1;2.458
1899-3-1;4.681
1899-4-1;8.378
1899-5-1;11.109
1899-6-1;12.971
1899-7-1;14.188
1899-8-1;13.737
1899-9-1;12.114
1899-10-1;9.358
1899-11-1;6.586
1899-12-1;3.082
1900-1-1;1.62
1900-2-1;3.174
1900-3-1;5.545
1900-4-1;8.256
1900-5-1;11.49
1900-6-1;13.364
1900-7-1;14.187
1900-8-1;13.782
1900-9-1;11.972
1900-10-1;9.687
1900-11-1;5.806
1900-12-1;3.748
1901-1-1;2.24
1901-2-1;3.196
1901-3-1;5.665
1901-4-1;8.601
1901-5-1;11.216
1901-6-1;13.412
1901-7-1;14.33
1901-8-1;13.825
1901-9-1;11.945
1901-10-1;9.013
1901-11-1;5.968
1901-12-1;3.443
1902-1-1;2.705
1902-2-1;3.647
1902-3-1;4.912
1902-4-1;8.018
1902-5-1;10.929
1902-6-1;13.241
1902-7-1;14.202
1902-8-1;13.551
1902-9-1;11.723
1902-10-1;8.774
1902-11-1;5.264
1902-12-1;2.78
1903-1-1;2.554
1903-2-1;3.541
1903-3-1;5
1903-4-1;7.908
1903-5-1;10.829
1903-6-1;12.862
1903-7-1;13.964
1903-8-1;13.39
1903-9-1;11.422
1903-10-1;8.799
1903-11-1;5.565
1903-12-1;2.972
1904-1-1;1.792
1904-2-1;2.373
1904-3-1;4.575
1904-4-1;7.742
1904-5-1;10.871
1904-6-1;12.963
1904-7-1;13.768
1904-8-1;13.42
1904-9-1;11.332
1904-10-1;8.744
1904-11-1;6.217
1904-12-1;3.386
1905-1-1;2.344
1905-2-1;2.024
1905-3-1;4.768
1905-4-1;7.824
1905-5-1;11.023
1905-6-1;13.132
1905-7-1;14.074
1905-8-1;13.571
1905-9-1;11.722
1905-10-1;8.969
1905-11-1;6.15
1905-12-1;3.443
1906-1-1;2.129
1906-2-1;2.426
1906-3-1;4.988
1906-4-1;8.677
1906-5-1;11.264
1906-6-1;13.337
1906-7-1;14.112
1906-8-1;13.677
1906-9-1;11.724
1906-10-1;9.24
1906-11-1;5.539
1906-12-1;3.808
1907-1-1;1.879
1907-2-1;2.241
1907-3-1;4.684
1907-4-1;7.702
1907-5-1;10.418
1907-6-1;12.72
1907-7-1;13.757
1907-8-1;13.359
1907-9-1;11.659
1907-10-1;9.222
1907-11-1;5.258
1907-12-1;3.054
1908-1-1;2.347
1908-2-1;2.933
1908-3-1;4.261
1908-4-1;7.915
1908-5-1;11.164
1908-6-1;13.259
1908-7-1;14.175
1908-8-1;13.385
1908-9-1;11.938
1908-10-1;8.854
1908-11-1;5.275
1908-12-1;3.12
1909-1-1;1.426
1909-2-1;2.755
1909-3-1;4.685
1909-4-1;7.638
1909-5-1;10.651
1909-6-1;12.952
1909-7-1;14.047
1909-8-1;13.741
1909-9-1;11.868
1909-10-1;9.15
1909-11-1;6.257
1909-12-1;3.309
1910-1-1;2.463
1910-2-1;2.871
1910-3-1;4.721
1910-4-1;8.179
1910-5-1;11.012
1910-6-1;13.095
1910-7-1;14.239
1910-8-1;13.675
1910-9-1;11.708
1910-10-1;8.977
1910-11-1;5.331
1910-12-1;2.734
1911-1-1;1.693
1911-2-1;2.501
1911-3-1;4.455
1911-4-1;8.057
1911-5-1;10.82
1911-6-1;13.041
1911-7-1;14.028
1911-8-1;13.448
1911-9-1;11.584
1911-10-1;9.222
1911-11-1;5.952
1911-12-1;3.473
1912-1-1;2.441
1912-2-1;3.309
1912-3-1;4.393
1912-4-1;8.298
1912-5-1;11.269
1912-6-1;13.448
1912-7-1;13.711
1912-8-1;13.074
1912-9-1;11.177
1912-10-1;8.309
1912-11-1;5.552
1912-12-1;3.108
1913-1-1;2.122
1913-2-1;2.406
1913-3-1;4.58
1913-4-1;8.056
1913-5-1;10.746
1913-6-1;12.98
1913-7-1;14.121
1913-8-1;13.694
1913-9-1;11.721
1913-10-1;9.038
1913-11-1;6.06
1913-12-1;4.167
1914-1-1;3.427
1914-2-1;3.282
1914-3-1;5.01
1914-4-1;8.119
1914-5-1;11.328
1914-6-1;13.476
1914-7-1;14.275
1914-8-1;13.699
1914-9-1;11.889
1914-10-1;9.401
1914-11-1;5.807
1914-12-1;3.677
1915-1-1;2.339
1915-2-1;3.315
1915-3-1;5.188
1915-4-1;8.726
1915-5-1;11.473
1915-6-1;13.259
1915-7-1;14.354
1915-8-1;13.704
1915-9-1;11.775
1915-10-1;8.941
1915-11-1;6.205
1915-12-1;3.619
1916-1-1;2.633
1916-2-1;3.029
1916-3-1;4.899
1916-4-1;8.098
1916-5-1;10.968
1916-6-1;12.871
1916-7-1;13.998
1916-8-1;13.536
1916-9-1;11.668
1916-10-1;9.002
1916-11-1;5.612
1916-12-1;2.383
1917-1-1;2.167
1917-2-1;2.352
1917-3-1;4.478
1917-4-1;7.85
1917-5-1;10.42
1917-6-1;12.816
1917-7-1;14.181
1917-8-1;13.42
1917-9-1;11.669
1917-10-1;8.52
1917-11-1;5.832
1917-12-1;2.314
1918-1-1;1.962
1918-2-1;2.511
1918-3-1;4.889
1918-4-1;7.656
1918-5-1;10.487
1918-6-1;12.897
1918-7-1;13.949
1918-8-1;13.371
1918-9-1;11.831
1918-10-1;9.384
1918-11-1;5.711
1918-12-1;2.871
1919-1-1;2.228
1919-2-1;2.874
1919-3-1;4.779
1919-4-1;8.499
1919-5-1;10.965
1919-6-1;13.191
1919-7-1;14.237
1919-8-1;13.727
1919-9-1;11.914
1919-10-1;9.315
1919-11-1;5.509
1919-12-1;3.258
1920-1-1;2.893
1920-2-1;2.759
1920-3-1;5.284
1920-4-1;8.327
1920-5-1;11.111
1920-6-1;13.051
1920-7-1;14.196
1920-8-1;13.598
1920-9-1;11.724
1920-10-1;8.985
1920-11-1;5.563
1920-12-1;2.679
1921-1-1;3.009
1921-2-1;3.159
1921-3-1;5.079
1921-4-1;8.322
1921-5-1;11.186
1921-6-1;13.397
1921-7-1;14.357
1921-8-1;13.458
1921-9-1;11.809
1921-10-1;9.237
1921-11-1;5.85
1921-12-1;3.691
1922-1-1;2.168
1922-2-1;2.396
1922-3-1;5.177
1922-4-1;8.393
1922-5-1;11.048
1922-6-1;13.268
1922-7-1;14.182
1922-8-1;13.469
1922-9-1;11.665
1922-10-1;9.004
1922-11-1;6.037
1922-12-1;3.687
1923-1-1;2.54
1923-2-1;2.574
1923-3-1;4.878
1923-4-1;7.76
1923-5-1;10.825
1923-6-1;13.189
1923-7-1;13.887
1923-8-1;13.503
1923-9-1;11.785
1923-10-1;9.432
1923-11-1;6.354
1923-12-1;3.911
1924-1-1;2.335
1924-2-1;2.91
1924-3-1;5.356
1924-4-1;7.95
1924-5-1;11.127
1924-6-1;13.244
1924-7-1;14.212
1924-8-1;13.545
1924-9-1;11.844
1924-10-1;9.132
1924-11-1;6.372
1924-12-1;3.478
1925-1-1;2.297
1925-2-1;2.689
1925-3-1;5.074
1925-4-1;8.39
1925-5-1;10.971
1925-6-1;12.99
1925-7-1;13.961
1925-8-1;13.678
1925-9-1;11.88
1925-10-1;9.104
1925-11-1;6.319
1925-12-1;4.355
1926-1-1;3.459
1926-2-1;3.694
1926-3-1;5.794
1926-4-1;8.171
1926-5-1;10.854
1926-6-1;13.143
1926-7-1;14.061
1926-8-1;13.759
1926-9-1;11.972
1926-10-1;9.467
1926-11-1;6.239
1926-12-1;3.308
1927-1-1;2.289
1927-2-1;2.957
1927-3-1;4.62
1927-4-1;8.014
1927-5-1;11.076
1927-6-1;13.144
1927-7-1;14.195
1927-8-1;13.581
1927-9-1;12.134
1927-10-1;9.805
1927-11-1;6.267
1927-12-1;3.175
1928-1-1;2.956
1928-2-1;3.322
1928-3-1;4.958
1928-4-1;8.181
1928-5-1;11.065
1928-6-1;12.97
1928-7-1;14.179
1928-8-1;13.591
1928-9-1;11.91
1928-10-1;9.373
1928-11-1;6.26
1928-12-1;3.814
1929-1-1;1.981
1929-2-1;2.101
1929-3-1;5.058
1929-4-1;8
1929-5-1;10.797
1929-6-1;12.788
1929-7-1;13.811
1929-8-1;13.533
1929-9-1;11.709
1929-10-1;9.342
1929-11-1;6.061
1929-12-1;2.475
1930-1-1;2.304
1930-2-1;3.066
1930-3-1;5.48
1930-4-1;8.066
1930-5-1;10.944
1930-6-1;13.202
1930-7-1;14.324
1930-8-1;13.804
1930-9-1;11.747
1930-10-1;9.152
1930-11-1;6.485
1930-12-1;3.739
1931-1-1;2.645
1931-2-1;2.667
1931-3-1;5.203
1931-4-1;8.067
1931-5-1;10.879
1931-6-1;13.433
1931-7-1;14.466
1931-8-1;13.996
1931-9-1;12.18
1931-10-1;9.847
1931-11-1;6.172
1931-12-1;3.954
1932-1-1;3.543
1932-2-1;2.927
1932-3-1;4.884
1932-4-1;8.684
1932-5-1;11.129
1932-6-1;13.243
1932-7-1;14.27
1932-8-1;13.634
1932-9-1;12.187
1932-10-1;9.586
1932-11-1;5.807
1932-12-1;3.436
1933-1-1;2.099
1933-2-1;2.591
1933-3-1;4.803
1933-4-1;8.026
1933-5-1;10.938
1933-6-1;12.992
1933-7-1;14.149
1933-8-1;13.686
1933-9-1;11.757
1933-10-1;9.144
1933-11-1;5.805
1933-12-1;3.064
1934-1-1;2.376
1934-2-1;3.636
1934-3-1;4.707
1934-4-1;7.903
1934-5-1;11.387
1934-6-1;13.282
1934-7-1;14.253
1934-8-1;13.664
1934-9-1;11.65
1934-10-1;9.319
1934-11-1;6.287
1934-12-1;3.881
1935-1-1;2.086
1935-2-1;4.029
1935-3-1;5.31
1935-4-1;7.653
1935-5-1;10.771
1935-6-1;13.159
1935-7-1;14.208
1935-8-1;13.671
1935-9-1;11.881
1935-10-1;9.379
1935-11-1;5.356
1935-12-1;3.329
1936-1-1;2.137
1936-2-1;2.415
1936-3-1;4.938
1936-4-1;8.018
1936-5-1;11.126
1936-6-1;13.221
1936-7-1;14.516
1936-8-1;13.743
1936-9-1;11.904
1936-10-1;9.358
1936-11-1;6.117
1936-12-1;3.825
1937-1-1;2.367
1937-2-1;3.471
1937-3-1;4.786
1937-4-1;8.038
1937-5-1;11.292
1937-6-1;13.472
1937-7-1;14.279
1937-8-1;13.905
1937-9-1;12.291
1937-10-1;9.612
1937-11-1;6.258
1937-12-1;3.387
1938-1-1;2.813
1938-2-1;3.345
1938-3-1;5.594
1938-4-1;8.818
1938-5-1;11.376
1938-6-1;13.193
1938-7-1;14.366
1938-8-1;13.877
1938-9-1;12.325
1938-10-1;9.685
1938-11-1;6.455
1938-12-1;3.441
1939-1-1;2.869
1939-2-1;3.186
1939-3-1;4.876
1939-4-1;8.247
1939-5-1;11.428
1939-6-1;13.433
1939-7-1;14.323
1939-8-1;13.848
1939-9-1;11.872
1939-10-1;9.142
1939-11-1;6.098
1939-12-1;4.876
1940-1-1;2.261
1940-2-1;3.33
1940-3-1;5.321
1940-4-1;8.627
1940-5-1;11.222
1940-6-1;13.471
1940-7-1;14.521
1940-8-1;13.769
1940-9-1;12.194
1940-10-1;9.382
1940-11-1;6
1940-12-1;4.052
1941-1-1;2.664
1941-2-1;3.549
1941-3-1;5.126
1941-4-1;8.449
1941-5-1;11.388
1941-6-1;13.515
1941-7-1;14.594
1941-8-1;13.948
1941-9-1;11.732
1941-10-1;9.613
1941-11-1;5.863
1941-12-1;3.604
1942-1-1;3.023
1942-2-1;2.789
1942-3-1;5.212
1942-4-1;8.337
1942-5-1;11.228
1942-6-1;13.458
1942-7-1;14.138
1942-8-1;13.698
1942-9-1;12.057
1942-10-1;9.546
1942-11-1;6.312
1942-12-1;3.849
1943-1-1;2.312
1943-2-1;3.459
1943-3-1;5.05
1943-4-1;8.572
1943-5-1;11.383
1943-6-1;13.049
1943-7-1;14.365
1943-8-1;13.7
1943-9-1;12
1943-10-1;9.821
1943-11-1;6.167
1943-12-1;4.166
1944-1-1;3.454
1944-2-1;3.494
1944-3-1;5.448
1944-4-1;8.342
1944-5-1;11.26
1944-6-1;13.36
1944-7-1;14.377
1944-8-1;13.957
1944-9-1;12.357
1944-10-1;9.714
1944-11-1;6.003
1944-12-1;3.377
1945-1-1;2.458
1945-2-1;2.579
1945-3-1;5.112
1945-4-1;8.583
1945-5-1;10.99
1945-6-1;13.214
1945-7-1;14.119
1945-8-1;14.206
1945-9-1;12.117
1945-10-1;9.489
1945-11-1;5.989
1945-12-1;3.083
1946-1-1;2.919
1946-2-1;3.387
1946-3-1;5.15
1946-4-1;8.741
1946-5-1;11.265
1946-6-1;13.187
1946-7-1;14.307
1946-8-1;13.735
1946-9-1;11.976
1946-10-1;9.205
1946-11-1;6.169
1946-12-1;3.11
1947-1-1;2.549
1947-2-1;3.219
1947-3-1;5.709
1947-4-1;8.595
1947-5-1;11.237
1947-6-1;13.326
1947-7-1;14.258
1947-8-1;13.75
1947-9-1;12.081
1947-10-1;9.931
1947-11-1;6.351
1947-12-1;3.587
1948-1-1;3.294
1948-2-1;3.136
1948-3-1;4.842
1948-4-1;8.399
1948-5-1;11.422
1948-6-1;13.541
1948-7-1;14.333
1948-8-1;13.792
1948-9-1;12.053
1948-10-1;9.496
1948-11-1;6.125
1948-12-1;3.438
1949-1-1;3.164
1949-2-1;2.677
1949-3-1;4.966
1949-4-1;8.243
1949-5-1;11.203
1949-6-1;13.092
1949-7-1;14.102
1949-8-1;13.731
1949-9-1;11.847
1949-10-1;9.444
1949-11-1;6.066
1949-12-1;3.406
1950-1-1;1.945
1950-2-1;2.654
1950-3-1;5.164
1950-4-1;8.027
1950-5-1;11.185
1950-6-1;13.262
1950-7-1;14.062
1950-8-1;13.38
1950-9-1;11.879
1950-10-1;9.087
1950-11-1;5.339
1950-12-1;3.493
1951-1-1;2.094
1951-2-1;2.287
1951-3-1;5.018
1951-4-1;8.291
1951-5-1;11.374
1951-6-1;13.132
1951-7-1;14.2
1951-8-1;13.945
1951-9-1;12.238
1951-10-1;9.609
1951-11-1;6.172
1951-12-1;4.265
1952-1-1;2.983
1952-2-1;3.317
1952-3-1;4.884
1952-4-1;8.399
1952-5-1;11.249
1952-6-1;13.36
1952-7-1;14.475
1952-8-1;13.908
1952-9-1;12.185
1952-10-1;9.083
1952-11-1;5.379
1952-12-1;3.62
1953-1-1;2.902
1953-2-1;3.559
1953-3-1;5.645
1953-4-1;8.807
1953-5-1;11.415
1953-6-1;13.515
1953-7-1;14.307
1953-8-1;13.994
1953-9-1;12.134
1953-10-1;9.525
1953-11-1;5.868
1953-12-1;3.946
1954-1-1;1.993
1954-2-1;3.014
1954-3-1;5.049
1954-4-1;8.106
1954-5-1;10.922
1954-6-1;13.308
1954-7-1;14.161
1954-8-1;13.796
1954-9-1;12.04
1954-10-1;9.506
1954-11-1;6.556
1954-12-1;3.533
1955-1-1;3.357
1955-2-1;3.096
1955-3-1;4.514
1955-4-1;8.032
1955-5-1;11.08
1955-6-1;13.436
1955-7-1;14.167
1955-8-1;14.221
1955-9-1;11.871
1955-10-1;9.655
1955-11-1;5.926
1955-12-1;3.262
1956-1-1;2.444
1956-2-1;2.736
1956-3-1;4.838
1956-4-1;7.841
1956-5-1;10.606
1956-6-1;13.091
1956-7-1;14.099
1956-8-1;13.126
1956-9-1;11.703
1956-10-1;8.868
1956-11-1;5.703
1956-12-1;3.538
1957-1-1;2.407
1957-2-1;3.041
1957-3-1;4.943
1957-4-1;8.179
1957-5-1;11.114
1957-6-1;13.567
1957-7-1;14.003
1957-8-1;13.88
1957-9-1;12.131
1957-10-1;9.328
1957-11-1;6.315
1957-12-1;4.267
1958-1-1;3.503
1958-2-1;3.613
1958-3-1;5.382
1958-4-1;8.442
1958-5-1;11.421
1958-6-1;13.05
1958-7-1;14.317
1958-8-1;13.494
1958-9-1;11.762
1958-10-1;9.304
1958-11-1;6.217
1958-12-1;3.776
1959-1-1;2.933
1959-2-1;3.299
1959-3-1;5.824
1959-4-1;8.767
1959-5-1;11.273
1959-6-1;13.491
1959-7-1;14.382
1959-8-1;13.82
1959-9-1;11.883
1959-10-1;9.106
1959-11-1;5.709
1959-12-1;3.73
1960-1-1;2.674
1960-2-1;3.752
1960-3-1;4.227
1960-4-1;8.017
1960-5-1;10.787
1960-6-1;13.331
1960-7-1;14.11
1960-8-1;13.771
1960-9-1;12.035
1960-10-1;9.418
1960-11-1;5.78
1960-12-1;4.221
1961-1-1;2.897
1961-2-1;3.649
1961-3-1;5.495
1961-4-1;8.558
1961-5-1;11.53
1961-6-1;13.579
1961-7-1;14.221
1961-8-1;13.802
1961-9-1;12.164
1961-10-1;9.25
1961-11-1;6.149
1961-12-1;3.436
1962-1-1;2.951
1962-2-1;3.617
1962-3-1;5.487
1962-4-1;8.463
1962-5-1;11.037
1962-6-1;13.339
1962-7-1;14.131
1962-8-1;13.639
1962-9-1;11.919
1962-10-1;9.367
1962-11-1;6.197
1962-12-1;3.87
1963-1-1;2.852
1963-2-1;3.987
1963-3-1;5.06
1963-4-1;8.103
1963-5-1;10.962
1963-6-1;13.294
1963-7-1;14.428
1963-8-1;14.257
1963-9-1;12.496
1963-10-1;9.853
1963-11-1;6.457
1963-12-1;3.679
1964-1-1;2.765
1964-2-1;2.998
1964-3-1;4.789
1964-4-1;7.806
1964-5-1;10.832
1964-6-1;13.395
1964-7-1;14.249
1964-8-1;13.595
1964-9-1;11.517
1964-10-1;8.722
1964-11-1;5.897
1964-12-1;3.366
1965-1-1;2.8
1965-2-1;2.977
1965-3-1;5.128
1965-4-1;7.911
1965-5-1;11.119
1965-6-1;13.217
1965-7-1;13.996
1965-8-1;13.754
1965-9-1;11.638
1965-10-1;9.435
1965-11-1;5.798
1965-12-1;3.714
1966-1-1;2.432
1966-2-1;3.244
1966-3-1;5.502
1966-4-1;8.102
1966-5-1;11.138
1966-6-1;13.441
1966-7-1;14.544
1966-8-1;13.707
1966-9-1;12.089
1966-10-1;9.048
1966-11-1;5.916
1966-12-1;3.329
1967-1-1;2.672
1967-2-1;2.892
1967-3-1;5.395
1967-4-1;8.358
1967-5-1;11.567
1967-6-1;13.099
1967-7-1;14.309
1967-8-1;13.683
1967-9-1;12.023
1967-10-1;9.739
1967-11-1;6.12
1967-12-1;3.865
1968-1-1;2.303
1968-2-1;3.185
1968-3-1;6.085
1968-4-1;8.394
1968-5-1;10.931
1968-6-1;13.149
1968-7-1;13.885
1968-8-1;13.447
1968-9-1;11.513
1968-10-1;9.388
1968-11-1;5.839
1968-12-1;3.188
1969-1-1;1.915
1969-2-1;2.387
1969-3-1;5.016
1969-4-1;8.51
1969-5-1;11.301
1969-6-1;13.384
1969-7-1;14.149
1969-8-1;13.782
1969-9-1;11.96
1969-10-1;9.419
1969-11-1;6.362
1969-12-1;4.144
1970-1-1;2.779
1970-2-1;3.726
1970-3-1;5.263
1970-4-1;8.531
1970-5-1;11.143
1970-6-1;13.423
1970-7-1;14.354
1970-8-1;13.625
1970-9-1;12.228
1970-10-1;9.331
1970-11-1;5.992
1970-12-1;3.446
1971-1-1;2.922
1971-2-1;2.829
1971-3-1;4.983
1971-4-1;8.261
1971-5-1;11.138
1971-6-1;13.027
1971-7-1;14.1
1971-8-1;13.844
1971-9-1;12.082
1971-10-1;9.325
1971-11-1;6.247
1971-12-1;3.813
1972-1-1;1.832
1972-2-1;2.529
1972-3-1;5.195
1972-4-1;8.278
1972-5-1;11.1
1972-6-1;13.41
1972-7-1;14.191
1972-8-1;14.148
1972-9-1;11.868
1972-10-1;9.274
1972-11-1;5.749
1972-12-1;3.741
1973-1-1;3.01
1973-2-1;3.831
1973-3-1;5.831
1973-4-1;8.914
1973-5-1;11.716
1973-6-1;13.76
1973-7-1;14.407
1973-8-1;13.86
1973-9-1;12.105
1973-10-1;9.558
1973-11-1;6.204
1973-12-1;3.821
1974-1-1;2.252
1974-2-1;2.546
1974-3-1;5.159
1974-4-1;8.302
1974-5-1;11.126
1974-6-1;13.331
1974-7-1;14.261
1974-8-1;13.998
1974-9-1;11.717
1974-10-1;9.079
1974-11-1;5.845
1974-12-1;3.51
1975-1-1;3.032
1975-2-1;3.396
1975-3-1;5.701
1975-4-1;8.557
1975-5-1;11.696
1975-6-1;13.489
1975-7-1;14.312
1975-8-1;13.457
1975-9-1;12.101
1975-10-1;9.287
1975-11-1;5.88
1975-12-1;3.653
1976-1-1;2.869
1976-2-1;3.042
1976-3-1;4.507
1976-4-1;8.241
1976-5-1;10.884
1976-6-1;13.022
1976-7-1;14.157
1976-8-1;13.494
1976-9-1;11.87
1976-10-1;8.493
1976-11-1;5.658
1976-12-1;3.673
1977-1-1;2.499
1977-2-1;3.492
1977-3-1;5.721
1977-4-1;8.806
1977-5-1;11.735
1977-6-1;13.841
1977-7-1;14.626
1977-8-1;14.098
1977-9-1;11.856
1977-10-1;9.155
1977-11-1;6.532
1977-12-1;3.767
1978-1-1;2.728
1978-2-1;3.471
1978-3-1;5.616
1978-4-1;8.767
1978-5-1;11.337
1978-6-1;13.152
1978-7-1;14.342
1978-8-1;13.28
1978-9-1;12.016
1978-10-1;9.316
1978-11-1;6.353
1978-12-1;3.76
1979-1-1;2.676
1979-2-1;2.838
1979-3-1;5.432
1979-4-1;8.428
1979-5-1;11.093
1979-6-1;13.363
1979-7-1;14.046
1979-8-1;13.818
1979-9-1;12.218
1979-10-1;9.543
1979-11-1;6.274
1979-12-1;4.574
1980-1-1;2.952
1980-2-1;3.669
1980-3-1;5.342
1980-4-1;8.875
1980-5-1;11.731
1980-6-1;13.519
1980-7-1;14.711
1980-8-1;14.163
1980-9-1;12.294
1980-10-1;9.515
1980-11-1;6.683
1980-12-1;4.016
1981-1-1;3.813
1981-2-1;4.037
1981-3-1;6.189
1981-4-1;8.871
1981-5-1;11.475
1981-6-1;13.708
1981-7-1;14.693
1981-8-1;14.516
1981-9-1;12.177
1981-10-1;9.34
1981-11-1;6.245
1981-12-1;4.536
1982-1-1;2.558
1982-2-1;3.306
1982-3-1;4.885
1982-4-1;8.441
1982-5-1;11.315
1982-6-1;13.231
1982-7-1;14.524
1982-8-1;13.776
1982-9-1;12.016
1982-10-1;9.211
1982-11-1;5.984
1982-12-1;4.359
1983-1-1;3.452
1983-2-1;3.84
1983-3-1;5.678
1983-4-1;8.677
1983-5-1;11.69
1983-6-1;13.43
1983-7-1;14.376
1983-8-1;14.28
1983-9-1;12.682
1983-10-1;9.471
1983-11-1;6.764
1983-12-1;3.858
1984-1-1;2.945
1984-2-1;3.092
1984-3-1;5.669
1984-4-1;8.393
1984-5-1;11.964
1984-6-1;13.314
1984-7-1;14.386
1984-8-1;13.913
1984-9-1;12.004
1984-10-1;9.36
1984-11-1;5.826
1984-12-1;3.167
1985-1-1;3.035
1985-2-1;2.69
1985-3-1;5.434
1985-4-1;8.594
1985-5-1;11.401
1985-6-1;13.55
1985-7-1;13.944
1985-8-1;14.029
1985-9-1;11.92
1985-10-1;9.34
1985-11-1;5.983
1985-12-1;3.831
1986-1-1;3.332
1986-2-1;4.011
1986-3-1;5.796
1986-4-1;8.837
1986-5-1;11.572
1986-6-1;13.37
1986-7-1;14.263
1986-8-1;13.96
1986-9-1;11.833
1986-10-1;9.332
1986-11-1;5.952
1986-12-1;3.8
1987-1-1;3.162
1987-2-1;4.164
1987-3-1;5.286
1987-4-1;8.565
1987-5-1;11.494
1987-6-1;13.881
1987-7-1;14.852
1987-8-1;13.89
1987-9-1;12.455
1987-10-1;9.618
1987-11-1;6.057
1987-12-1;4.508
1988-1-1;3.489
1988-2-1;3.446
1988-3-1;5.932
1988-4-1;8.988
1988-5-1;11.834
1988-6-1;14.049
1988-7-1;14.738
1988-8-1;14.512
1988-9-1;12.706
1988-10-1;9.98
1988-11-1;6.303
1988-12-1;4.388
1989-1-1;2.724
1989-2-1;3.639
1989-3-1;5.766
1989-4-1;8.687
1989-5-1;11.249
1989-6-1;13.422
1989-7-1;14.6
1989-8-1;14.137
1989-9-1;12.396
1989-10-1;9.758
1989-11-1;6.202
1989-12-1;4.479
1990-1-1;3.267
1990-2-1;3.703
1990-3-1;6.739
1990-4-1;9.157
1990-5-1;11.816
1990-6-1;13.851
1990-7-1;14.749
1990-8-1;14.084
1990-9-1;12.205
1990-10-1;9.844
1990-11-1;6.891
1990-12-1;4.421
1991-1-1;3.266
1991-2-1;4.096
1991-3-1;5.575
1991-4-1;9.25
1991-5-1;11.593
1991-6-1;14.245
1991-7-1;14.973
1991-8-1;14.296
1991-9-1;12.652
1991-10-1;9.758
1991-11-1;6.432
1991-12-1;4.103
1992-1-1;3.599
1992-2-1;3.891
1992-3-1;5.917
1992-4-1;8.554
1992-5-1;11.52
1992-6-1;13.551
1992-7-1;14.115
1992-8-1;13.747
1992-9-1;11.627
1992-10-1;9.361
1992-11-1;5.873
1992-12-1;4.085
1993-1-1;3.284
1993-2-1;3.809
1993-3-1;5.916
1993-4-1;8.666
1993-5-1;11.449
1993-6-1;13.501
1993-7-1;14.541
1993-8-1;13.813
1993-9-1;11.94
1993-10-1;9.618
1993-11-1;5.739
1993-12-1;4.064
1994-1-1;3.056
1994-2-1;2.84
1994-3-1;5.743
1994-4-1;9.007
1994-5-1;11.658
1994-6-1;14.106
1994-7-1;14.657
1994-8-1;13.943
1994-9-1;12.501
1994-10-1;9.993
1994-11-1;6.81
1994-12-1;4.118
1995-1-1;3.58
1995-2-1;4.683
1995-3-1;5.956
1995-4-1;8.979
1995-5-1;11.554
1995-6-1;14.101
1995-7-1;15.07
1995-8-1;14.611
1995-9-1;12.556
1995-10-1;10.082
1995-11-1;6.772
1995-12-1;4.128
1996-1-1;2.9
1996-2-1;3.994
1996-3-1;5.549
1996-4-1;8.661
1996-5-1;11.551
1996-6-1;13.628
1996-7-1;14.8
1996-8-1;14.568
1996-9-1;12.309
1996-10-1;9.498
1996-11-1;6.525
1996-12-1;4.33
1997-1-1;3.172
1997-2-1;3.781
1997-3-1;5.944
1997-4-1;8.839
1997-5-1;11.548
1997-6-1;14.094
1997-7-1;14.484
1997-8-1;14.204
1997-9-1;12.642
1997-10-1;10.098
1997-11-1;6.861
1997-12-1;4.439
1998-1-1;3.39
1998-2-1;4.851
1998-3-1;5.994
1998-4-1;9.34
1998-5-1;12.246
1998-6-1;14.492
1998-7-1;15.301
1998-8-1;14.86
1998-9-1;12.645
1998-10-1;9.936
1998-11-1;6.418
1998-12-1;4.71
1999-1-1;3.593
1999-2-1;4.682
1999-3-1;5.521
1999-4-1;8.763
1999-5-1;11.646
1999-6-1;14.006
1999-7-1;14.805
1999-8-1;14.325
1999-9-1;12.702
1999-10-1;9.967
1999-11-1;6.615
1999-12-1;4.572
2000-1-1;2.972
2000-2-1;4.199
2000-3-1;6.191
2000-4-1;9.526
2000-5-1;11.836
2000-6-1;14.012
2000-7-1;14.817
2000-8-1;14.51
2000-9-1;12.546
2000-10-1;9.442
2000-11-1;6.275
2000-12-1;3.871
2001-1-1;3.367
2001-2-1;3.734
2001-3-1;6.224
2001-4-1;9.195
2001-5-1;12.24
2001-6-1;14.046
2001-7-1;15.106
2001-8-1;14.395
2001-9-1;12.698
2001-10-1;9.86
2001-11-1;7.293
2001-12-1;4.506
2002-1-1;4.044
2002-2-1;4.696
2002-3-1;6.756
2002-4-1;9.181
2002-5-1;12.213
2002-6-1;14.036
2002-7-1;15.309
2002-8-1;14.534
2002-9-1;12.963
2002-10-1;9.955
2002-11-1;6.908
2002-12-1;4.069
2003-1-1;4.008
2003-2-1;4.104
2003-3-1;6.041
2003-4-1;9.124
2003-5-1;12.11
2003-6-1;13.969
2003-7-1;14.955
2003-8-1;14.637
2003-9-1;12.875
2003-10-1;10.377
2003-11-1;6.684
2003-12-1;5.145
2004-1-1;3.564
2004-2-1;4.49
2004-3-1;6.329
2004-4-1;9.223
2004-5-1;11.498
2004-6-1;13.857
2004-7-1;14.263
2004-8-1;14.168
2004-9-1;12.595
2004-10-1;10.15
2004-11-1;7.326
2004-12-1;4.268
2005-1-1;3.82
2005-2-1;3.941
2005-3-1;6.551
2005-4-1;9.546
2005-5-1;12.19
2005-6-1;14.432
2005-7-1;15.154
2005-8-1;14.503
2005-9-1;13.235
2005-10-1;10.648
2005-11-1;7.441
2005-12-1;4.878
2006-1-1;3.305
2006-2-1;4.429
2006-3-1;6.312
2006-4-1;9.02
2006-5-1;11.731
2006-6-1;14.428
2006-7-1;14.968
2006-8-1;14.887
2006-9-1;12.898
2006-10-1;10.332
2006-11-1;6.946
2006-12-1;5.026
2007-1-1;4.616
2007-2-1;4.241
2007-3-1;6.391
2007-4-1;9.76
2007-5-1;12.491
2007-6-1;14.312
2007-7-1;15.207
2007-8-1;14.734
2007-9-1;12.949
2007-10-1;10.318
2007-11-1;7.095
2007-12-1;4.537
2008-1-1;2.909
2008-2-1;3.632
2008-3-1;6.878
2008-4-1;9.268
2008-5-1;11.998
2008-6-1;14.105
2008-7-1;15.136
2008-8-1;14.327
2008-9-1;12.808
2008-10-1;10.452
2008-11-1;7.252
2008-12-1;4.419
2009-1-1;3.72
2009-2-1;4.126
2009-3-1;6.104
2009-4-1;9.304
2009-5-1;12.127
2009-6-1;14.231
2009-7-1;15.268
2009-8-1;14.691
2009-9-1;13.176
2009-10-1;10.137
2009-11-1;7.069
2009-12-1;4.327
2010-1-1;3.729
2010-2-1;4.397
2010-3-1;6.719
2010-4-1;9.665
2010-5-1;12.402
2010-6-1;14.36
2010-7-1;15.157
2010-8-1;14.763
2010-9-1;12.914
2010-10-1;10.46
2010-11-1;7.503
2010-12-1;4.288
2011-1-1;3.326
2011-2-1;3.726
2011-3-1;6.084
2011-4-1;9.453
2011-5-1;11.938
2011-6-1;14.345
2011-7-1;15.491
2011-8-1;15.066
2011-9-1;12.915
2011-10-1;10.39
2011-11-1;6.807
2011-12-1;4.656
2012-1-1;3.171
2012-2-1;3.591
2012-3-1;5.992
2012-4-1;9.618
2012-5-1;12.543
2012-6-1;14.43
2012-7-1;15.07
2012-8-1;14.695
2012-9-1;12.997
2012-10-1;10.392
2012-11-1;7.121
2012-12-1;4.068
2013-1-1;3.724
2013-2-1;4.179
2013-3-1;6.21
2013-4-1;9.004
2013-5-1;12.16
2013-6-1;14.515
2013-7-1;14.974
2013-8-1;14.773
2013-9-1;13.166
2013-10-1;10.252
2013-11-1;7.41
2013-12-1;4.708
2014-1-1;3.772
2014-2-1;3.505
2014-3-1;6.352
2014-4-1;9.558
2014-5-1;12.496
2014-6-1;14.253
2014-7-1;14.863
2014-8-1;14.885
2014-9-1;13.086
2014-10-1;10.36
2014-11-1;6.745
2014-12-1;4.886
2015-1-1;3.92
2015-2-1;4.648
2015-3-1;6.732
2015-4-1;9.294
2015-5-1;12.3
2015-6-1;14.47
2015-7-1;15.046
2015-8-1;14.765
2015-9-1;12.975
2015-10-1;10.773
2015-11-1;7.438
2015-12-1;5.49
2016-1-1;4.244
2016-2-1;5.379
2016-3-1;7.484
2016-4-1;10.105
2016-5-1;12.571
2016-6-1;14.313
2016-7-1;15.255
2016-8-1;15.282
2016-9-1;13.179
2016-10-1;10.243
2016-11-1;7.195
2016-12-1;4.933
2017-1-1;4.195
2017-2-1;4.938
2017-3-1;7.141
2017-4-1;9.594
2017-5-1;12.561
2017-6-1;14.206
2017-7-1;15.304
2017-8-1;14.899
2017-9-1;13.024
2017-10-1;10.537
2017-11-1;7.142
2017-12-1;5.147
2018-1-1;3.785
2018-2-1;4.294
2018-3-1;6.675
2018-4-1;9.629
2018-5-1;12.377
2018-6-1;14.426
2018-7-1;15.432
2018-8-1;14.812
2018-9-1;12.904
2018-10-1;10.612
2018-11-1;6.891
2018-12-1;4.886
2019-1-1;4.025
2019-2-1;4.42
2019-3-1;7.106
2019-4-1;9.823
2019-5-1;12.295
2019-6-1;14.456
2019-7-1;15.444
2019-8-1;14.923
2019-9-1;13.239
2019-10-1;10.729
2019-11-1;7.285
2019-12-1;5.396
2020-1-1;4.632
2020-2-1;5.298
2020-3-1;7.058
2020-4-1;9.97
2020-5-1;12.584
2020-6-1;14.621
2020-7-1;15.468
2020-8-1;14.942
2020-9-1;13.471
2020-10-1;10.45
2020-11-1;7.765
2020-12-1;4.788
