year;CO2 ppm;methane ppb;N2O ppb
-797446.0;;399.0;
-796562.0;191.0;;
-796475.0;;;254.0
-796467.0;;458.0;
-795327.0;;396.0;
-795149.0;188.4;;
-794517.0;189.3;;
-794430.0;;;249.0
-794370.0;;418.0;
-793252.0;195.2;;
-792988.0;;428.0;
-792658.0;199.4;;
-792569.0;;;239.0
-792450.0;;420.0;
-791646.0;;451.0;
-791310.0;209.0;;
-790993.0;204.0;;
-790916.0;;;239.0
-790877.0;;470.0;
-790131.0;205.1;;
-790045.0;;466.0;
-789541.0;215.4;;
-789474.0;;;250.0
-789427.0;;503.0;
-788740.0;;483.0;
-788588.0;221.3;;
-788203.0;218.2;;
-788110.0;;;253.0
-788088.0;;540.0;
-787431.0;226.3;;
-787312.0;;543.0;
-786937.0;229.5;;
-786882.0;;;253.0
-786865.0;;562.0;
-786173.0;;589.0;
-786083.0;247.9;;
-785855.0;248.1;;
-785730.0;;;266.0
-785723.0;;659.0;
-785126.0;256.9;;
-784988.0;;713.0;
-784699.0;;699.0;
-784637.0;260.3;;
-784590.0;;739.0;
-784579.0;;;303.0
-784540.0;;723.0;
-784010.0;;677.0;
-783839.0;255.4;;
-783463.0;253.3;;
-783436.0;;686.0;
-783424.0;;;282.0
-782742.0;250.7;;
-782690.0;;639.0;
-782197.0;246.9;;
-782158.0;;653.0;
-782151.0;;;269.0
-781478.0;;618.0;
-781313.0;252.1;;
-780901.0;;639.0;
-780880.0;;;270.0
-780109.0;246.2;;
-780007.0;;623.0;
-779683.0;;633.0;
-779646.0;;;280.0
-779585.0;248.7;;
-778795.0;;630.0;
-778662.0;242.8;;
-778318.0;248.5;;
-778158.0;;;254.0
-778145.0;;616.0;
-777414.0;243.9;;
-777333.0;;598.0;
-776848.0;245.8;;
-776810.0;;614.0;
-776797.0;;;254.0
-776082.0;;681.0;
-775950.0;246.1;;
-775606.0;246.3;;
-775460.0;;658.0;
-775440.0;;;269.0
-774686.0;243.9;;
-774605.0;;601.0;
-774087.0;238.8;;
-774044.0;;618.0;
-774034.0;;;273.0
-773296.0;;577.0;
-773101.0;240.5;;
-772598.0;236.9;;
-772575.0;;583.0;
-772548.0;;;260.0
-771730.0;233.3;;
-771682.0;;549.0;
-771093.0;230.0;;
-771049.0;;566.0;
-771046.0;;;271.0
-770249.0;;530.0;
-770126.0;230.9;;
-770082.0;;;247.0
-770064.0;;539.0;
-769885.0;;;267.0
-769879.0;;543.0;
-769758.0;229.5;;
-769596.0;;;260.0
-769591.0;;556.0;
-769310.0;237.7;;
-769258.0;;;275.0
-769255.0;;639.0;
-769044.0;235.6;;
-768987.0;;;271.0
-768981.0;;647.0;
-768774.0;238.2;;
-768652.0;;632.0;
-768497.0;235.6;;
-768353.0;;;271.0
-768344.0;;630.0;
-768183.0;231.5;;
-768130.0;;622.0;283.0
-767837.0;226.0;;
-767777.0;;616.0;
-767754.0;;;287.0
-767630.0;;587.0;
-767600.0;;;279.0
-767564.0;228.1;;
-767350.0;;570.0;
-767100.0;221.4;;
-766741.0;;568.0;
-766705.0;222.4;;
-766626.0;;;283.0
-765787.0;217.7;;
-765671.0;;486.0;
-765146.0;213.5;;
-765121.0;;519.0;
-765097.0;;;250.0
-764296.0;;467.0;
-764160.0;215.7;;
-763978.0;;;241.0
-763936.0;;462.0;
-763785.0;216.8;;
-763635.0;;;260.0
-763555.0;;470.0;
-763314.0;;;265.0
-763272.0;;500.0;
-763167.0;;;268.0
-763134.0;;535.0;
-762883.0;222.6;;
-762798.0;;518.0;
-762635.0;;563.0;
-762634.0;;;286.0
-762299.0;224.1;;
-762222.0;;;293.0
-762193.0;;549.0;
-761984.0;221.4;;
-761874.0;;;289.0
-761868.0;;556.0;
-761736.0;225.7;;
-761513.0;;538.0;
-761369.0;215.0;;
-760921.0;216.0;;
-760877.0;;521.0;
-760856.0;;;280.0
-760114.0;212.0;;
-760089.0;;474.0;
-759624.0;;473.0;
-759503.0;206.1;;
-758686.0;;454.0;
-758550.0;206.9;;
-758252.0;208.8;;
-758079.0;;;250.0
-758065.0;;462.0;
-757356.0;214.9;;
-757250.0;;434.0;
-756933.0;217.9;;
-756890.0;;;252.0
-756867.0;;421.0;
-756525.0;217.6;;
-756467.0;;;274.0
-756432.0;;486.0;
-756309.0;215.3;;
-756240.0;;;279.0
-756193.0;;498.0;
-756050.0;;498.0;
-756012.0;219.2;;
-755611.0;215.0;;
-755558.0;;505.0;
-755556.0;;;290.0
-755266.0;;480.0;
-755262.0;;;274.0
-755045.0;;473.0;
-755043.0;;;287.0
-754921.0;210.7;;
-754836.0;;439.0;
-754407.0;206.0;;
-754371.0;;419.0;
-754364.0;;;265.0
-753665.0;;445.0;
-753545.0;201.9;;
-753291.0;200.5;;
-753190.0;;429.0;
-753097.0;;;252.0
-752444.0;195.8;;
-752399.0;;406.0;
-752070.0;;410.0;
-752034.0;191.5;;
-751991.0;;;230.0
-751028.0;196.5;;
-750655.0;188.0;;
-750618.0;;431.0;
-750612.0;;;231.0
-749880.0;190.1;;
-749805.0;;401.0;
-749351.0;186.2;;
-749308.0;;;241.0
-749304.0;;428.0;
-748653.0;;408.0;
-748526.0;184.0;;
-748244.0;184.8;;
-748096.0;;;246.0
-748095.0;;400.0;
-747451.0;182.9;;
-747370.0;;378.0;
-746963.0;181.4;;
-746921.0;;;250.0
-746920.0;;409.0;
-746283.0;;392.0;
-746151.0;180.4;;
-745809.0;180.8;;
-745766.0;;405.0;
-745764.0;;;239.0
-745160.0;180.8;;
-745100.0;;402.0;
-744693.0;183.1;;
-744653.0;;428.0;
-744646.0;;;238.0
-744055.0;;415.0;
-743886.0;180.2;;
-743522.0;;432.0;
-743515.0;;;235.0
-742893.0;182.0;;
-742824.0;;421.0;
-742404.0;181.2;;
-742362.0;;422.0;
-742357.0;;;239.0
-741756.0;;439.0;
-741639.0;180.4;;
-741283.0;181.7;;
-741257.0;;422.0;
-741217.0;;;231.0
-740608.0;182.3;;
-740553.0;;402.0;
-740125.0;177.9;;
-740121.0;;409.0;
-740089.0;;;242.0
-739473.0;;388.0;
-739357.0;176.6;;
-739071.0;178.6;;
-738939.0;;;252.0
-738918.0;;414.0;
-738327.0;178.9;;
-738262.0;;411.0;
-737892.0;185.0;;
-737860.0;;403.0;
-737854.0;;;233.0
-737323.0;;408.0;
-737187.0;197.8;;
-736894.0;200.3;;
-736871.0;;;251.0
-736869.0;;407.0;
-736322.0;206.5;;
-736180.0;;423.0;
-735939.0;210.6;;
-735892.0;;;283.0
-735872.0;;508.0;
-735336.0;;542.0;
-735316.0;211.3;;
-735084.0;208.1;;
-734973.0;;561.0;
-734964.0;;;258.0
-734510.0;209.7;;
-734463.0;;546.0;
-734129.0;204.1;;
-734107.0;;541.0;
-734089.0;;;253.0
-733574.0;;518.0;
-733509.0;201.3;;
-733217.0;201.7;;
-733151.0;;531.0;250.0
-732654.0;207.4;;
-732638.0;;520.0;
-732273.0;205.3;;
-732244.0;;519.0;
-732238.0;;;257.0
-731698.0;;530.0;
-731593.0;204.4;;
-731311.0;203.9;;
-731209.0;;525.0;
-731204.0;;;261.0
-730598.0;205.9;;
-730511.0;;521.0;
-730196.0;;537.0;
-730191.0;203.8;;
-730148.0;;;255.0
-729492.0;;512.0;
-729379.0;204.9;;
-729077.0;;538.0;
-728999.0;204.1;;
-728964.0;;;263.0
-728349.0;204.0;;
-728293.0;;545.0;
-727807.0;;;266.0
-727804.0;;551.0;
-726971.0;205.4;;
-726923.0;;530.0;
-726909.0;;;254.0
-726618.0;205.1;;
-726503.0;;559.0;
-726472.0;;;268.0
-725782.0;205.5;;
-725757.0;;531.0;
-725242.0;204.5;;
-725230.0;;541.0;
-725212.0;;;257.0
-724545.0;;504.0;
-724372.0;208.1;;
-723987.0;206.6;;
-723919.0;;561.0;
-723902.0;;;251.0
-723109.0;206.3;;
-722970.0;;478.0;
-722495.0;210.3;;
-722434.0;;;265.0
-722423.0;;581.0;
-721738.0;;560.0;
-721514.0;213.2;;
-721183.0;213.4;;
-721022.0;;566.0;
-720995.0;;;265.0
-720089.0;211.3;;
-719971.0;;515.0;
-719368.0;206.3;;
-719308.0;;491.0;
-719303.0;;;253.0
-718583.0;;401.0;
-718387.0;195.2;;
-717844.0;187.8;;
-717805.0;;;240.0
-717692.0;;408.0;
-716829.0;184.3;;
-716685.0;;392.0;
-716114.0;192.9;;
-716045.0;;;217.0
-716013.0;;403.0;
-715245.0;;399.0;
-715115.0;205.0;;
-714754.0;208.1;;
-714599.0;;;239.0
-714513.0;;435.0;
-713800.0;222.1;;
-713700.0;;531.0;
-713230.0;217.7;;
-713172.0;;;274.0
-713165.0;;570.0;
-712338.0;221.7;;
-712239.0;;577.0;
-711893.0;222.3;;
-711788.0;;593.0;
-711771.0;;;267.0
-711060.0;;597.0;
-710883.0;218.5;;
-710415.0;;588.0;
-710387.0;;;260.0
-709619.0;;573.0;
-709471.0;218.7;;
-709154.0;218.9;;
-709007.0;;;258.0
-709001.0;;591.0;
-708287.0;220.2;;
-708191.0;;556.0;
-707809.0;;568.0;
-707730.0;219.7;;
-707681.0;;611.0;
-707678.0;;;271.0
-706904.0;;521.0;
-706420.0;;512.0;
-705649.0;;505.0;
-705203.0;;519.0;
-704459.0;228.1;;
-704457.0;;;275.0
-704452.0;;610.0;
-704191.0;228.6;;
-704053.0;;;268.0
-704027.0;;610.0;
-703460.0;228.5;;
-703387.0;;585.0;
-703023.0;233.9;;
-702959.0;;;273.0
-702911.0;;602.0;
-702261.0;231.2;;
-702258.0;;588.0;
-702257.0;;;263.0
-701984.0;231.2;;
-701941.0;;;261.0
-701926.0;;593.0;
-701434.0;232.8;;
-701377.0;;582.0;
-701038.0;232.4;;
-700996.0;;;275.0
-700968.0;;605.0;
-700513.0;;594.0;
-700431.0;230.3;;
-700208.0;229.3;;
-700105.0;;;262.0
-700102.0;;584.0;
-699656.0;228.8;;
-699581.0;;571.0;
-699292.0;228.2;;
-699258.0;;;251.0
-699253.0;;595.0;
-698794.0;227.6;;
-698715.0;;578.0;
-698439.0;228.7;;
-698398.0;;;281.0
-698396.0;;581.0;
-697959.0;226.0;;
-697922.0;;566.0;
-697683.0;227.6;;
-697607.0;;594.0;
-697606.0;;;271.0
-697182.0;;604.0;267.0
-697152.0;227.7;;
-696930.0;226.4;;
-696436.0;228.0;;
-696332.0;;;254.0
-696324.0;;588.0;
-696170.0;231.0;;
-696097.0;;605.0;
-696094.0;;;264.0
-695710.0;232.2;;
-695658.0;;604.0;
-695381.0;232.4;;
-695013.0;232.9;;
-694968.0;;624.0;
-694767.0;235.4;;
-694696.0;;;264.0
-694693.0;;645.0;
-694337.0;234.8;;
-694279.0;;643.0;
-694112.0;234.6;;
-694030.0;;647.0;
-693668.0;237.6;;
-693621.0;;632.0;
-693433.0;236.7;;
-693358.0;;;273.0
-693349.0;;652.0;
-692991.0;236.9;;
-692955.0;;635.0;
-692722.0;235.8;;
-692699.0;;639.0;
-692694.0;;;266.0
-692350.0;234.4;;
-692313.0;;629.0;
-692118.0;235.4;;
-692055.0;;615.0;
-692054.0;;;259.0
-691689.0;234.1;;
-691483.0;234.1;;
-691416.0;;590.0;
-691040.0;234.8;;
-691006.0;;602.0;
-690815.0;232.9;;
-690750.0;;596.0;
-690747.0;;;260.0
-690388.0;235.9;;
-690353.0;;557.0;
-690107.0;235.5;;
-690085.0;;570.0;
-690083.0;;;258.0
-689722.0;236.6;;
-689672.0;;568.0;
-689482.0;235.6;;
-689416.0;;584.0;
-689413.0;;;246.0
-689049.0;234.0;;
-688821.0;240.0;;
-688757.0;;561.0;
-688344.0;234.8;;
-688330.0;;549.0;
-688107.0;235.6;;
-688038.0;;;241.0
-688033.0;;555.0;
-687653.0;239.9;;
-687609.0;;540.0;
-687354.0;235.8;;
-687346.0;;557.0;
-687325.0;;;262.0
-686931.0;234.9;;
-686898.0;;542.0;
-686702.0;235.8;;
-686636.0;;;270.0
-686635.0;;538.0;
-686245.0;233.0;;
-686204.0;;527.0;
-685999.0;232.3;;
-685936.0;;529.0;
-685520.0;228.8;;
-685474.0;;538.0;
-685277.0;228.7;;
-684776.0;227.3;;
-684737.0;;523.0;
-684475.0;224.3;;
-684441.0;;521.0;
-684436.0;;;260.0
-684030.0;224.4;;
-683975.0;;514.0;
-683766.0;223.5;;
-683749.0;;508.0;
-683740.0;;;277.0
-683267.0;219.7;;
-682999.0;219.5;;
-682912.0;;520.0;
-682469.0;219.4;;
-682436.0;;504.0;
-682192.0;217.5;;
-682105.0;;499.0;
-682099.0;;;260.0
-681662.0;217.5;;
-681617.0;;498.0;
-681312.0;218.7;;
-681310.0;;494.0;
-681280.0;;;258.0
-680812.0;221.3;;
-680777.0;;543.0;
-680703.0;;523.0;
-680689.0;;;257.0
-680496.0;222.6;;
-680439.0;;505.0;
-680404.0;;;270.0
-679899.0;219.7;;
-679822.0;;486.0;
-679581.0;217.3;;
-679467.0;;482.0;
-678970.0;216.2;;
-678896.0;;490.0;
-678658.0;218.4;;
-678606.0;;466.0;
-678573.0;;;237.0
-678161.0;;446.0;
-678131.0;225.0;;
-677786.0;;460.0;
-677782.0;223.0;;
-677767.0;;;245.0
-677302.0;230.3;;
-677246.0;;544.0;
-677149.0;;500.0;248.0
-676964.0;230.8;;
-676882.0;;494.0;
-676877.0;;;261.0
-676341.0;230.0;;
-676236.0;;495.0;
-676034.0;226.5;;
-675914.0;;491.0;
-675430.0;217.4;;
-675342.0;;464.0;
-675118.0;215.6;;
-675023.0;;466.0;237.0
-674598.0;;455.0;
-674574.0;214.0;;
-674220.0;217.4;;
-674206.0;;536.0;
-674190.0;;;243.0
-673639.0;220.0;;
-673590.0;;551.0;
-673159.0;;554.0;
-673154.0;;;280.0
-672571.0;213.7;;
-672458.0;;564.0;
-672223.0;209.2;;
-672164.0;;562.0;
-671525.0;202.3;;
-671488.0;;512.0;
-671145.0;198.7;;
-671113.0;;529.0;
-671048.0;;;246.0
-670436.0;194.8;;
-670382.0;;471.0;
-669976.0;192.5;;
-669974.0;;462.0;
-669944.0;;;219.0
-669336.0;194.6;;
-669276.0;;439.0;
-669050.0;;483.0;
-669019.0;;;224.0
-668966.0;192.6;;
-668965.0;;489.0;
-668934.0;;;249.0
-668226.0;189.3;;
-667801.0;185.5;;
-667679.0;;396.0;
-666984.0;178.5;;
-666842.0;;390.0;
-666497.0;175.6;;
-666376.0;;385.0;
-666345.0;;;215.0
-665640.0;;365.0;
-665619.0;171.6;;
-665045.0;172.7;;
-665030.0;;374.0;
-664983.0;;;202.0
-664268.0;;376.0;
-664224.0;178.5;;
-663695.0;178.2;;
-662740.0;185.8;;
-662242.0;189.1;;
-662084.0;;414.0;
-661256.0;189.0;;
-660719.0;187.8;;
-660574.0;;384.0;
-660566.0;;;278.0
-659700.0;189.8;;
-659084.0;;402.0;
-659031.0;186.6;;
-658958.0;;;250.0
-658134.0;183.9;;
-657574.0;182.4;;
-657454.0;;359.0;
-657434.0;;;218.0
-656524.0;189.2;;
-655973.0;191.3;;
-655795.0;;344.0;
-654932.0;198.7;;
-654857.0;;398.0;
-654842.0;;;249.0
-654336.0;198.4;;
-654154.0;;;267.0
-654141.0;;414.0;
-653252.0;193.2;;
-652531.0;;397.0;
-652523.0;191.3;;
-652446.0;;;233.0
-651498.0;185.3;;
-650852.0;185.8;;
-650705.0;;409.0;
-650661.0;;;238.0
-649606.0;192.0;;
-648941.0;187.8;;
-648727.0;;414.0;
-647648.0;194.8;;
-646996.0;192.1;;
-646942.0;;426.0;
-646921.0;;;252.0
-645638.0;190.5;;
-644773.0;188.6;;
-644706.0;;429.0;
-644687.0;;;222.0
-643520.0;194.6;;
-642712.0;194.1;;
-642525.0;;429.0;
-642514.0;;;253.0
-641254.0;190.4;;
-641234.0;;386.0;
-641174.0;;;237.0
-640489.0;;369.0;
-640455.0;190.2;;
-638810.0;189.1;;
-637898.0;187.7;;
-637654.0;;;234.0
-637649.0;;373.0;
-636177.0;194.3;;
-635007.0;193.0;;
-634927.0;;373.0;
-634898.0;;;260.0
-633539.0;193.9;;
-632642.0;192.1;;
-632368.0;;;226.0
-632347.0;;361.0;
-630906.0;195.6;;
-630051.0;199.5;;
-629795.0;;376.0;
-628345.0;199.9;;
-627496.0;198.7;;
-627243.0;;;232.0
-627140.0;;356.0;
-626049.0;205.0;;
-625261.0;214.9;;
-625126.0;;;233.0
-625076.0;;386.0;
-624265.0;227.8;;
-624150.0;;;243.0
-624070.0;;474.0;
-623620.0;234.3;;
-623521.0;;478.0;
-623508.0;;;268.0
-622740.0;237.3;;
-622648.0;;;264.0
-622646.0;;573.0;
-622067.0;;572.0;
-621264.0;238.6;;
-621230.0;;618.0;
-621226.0;;;267.0
-620626.0;;661.0;279.0
-619810.0;243.0;;
-619765.0;;;274.0
-619746.0;;627.0;
-619139.0;;;272.0
-619097.0;;609.0;
-618388.0;245.4;;
-617741.0;;;277.0
-617730.0;;602.0;
-617005.0;247.9;;
-616396.0;;604.0;
-615594.0;252.3;;
-615003.0;;611.0;
-614994.0;;;266.0
-614277.0;252.4;;
-613661.0;;;274.0
-613630.0;;617.0;
-612973.0;252.5;;
-612403.0;;620.0;278.0
-611759.0;256.0;;
-611220.0;;601.0;
-610564.0;258.0;;
-610005.0;;620.0;
-610002.0;;;267.0
-609369.0;259.6;;
-608839.0;;593.0;
-608833.0;;;275.0
-608186.0;257.7;;
-607637.0;;583.0;
-607631.0;;;274.0
-606979.0;259.2;;
-606941.0;;577.0;
-606924.0;;;273.0
-606475.0;;578.0;
-605758.0;254.6;;
-605205.0;;538.0;
-605178.0;;;277.0
-604424.0;248.5;;
-603907.0;;533.0;
-603846.0;;;277.0
-603126.0;244.5;;
-602512.0;;503.0;
-602505.0;;;264.0
-601723.0;239.1;;
-601116.0;;526.0;
-600328.0;237.9;;
-599695.0;;542.0;
-599693.0;;;244.0
-598932.0;232.5;;
-598283.0;;;268.0
-598281.0;;534.0;
-597484.0;229.4;;
-596883.0;226.0;;
-596845.0;;544.0;
-596815.0;;;269.0
-596016.0;219.0;;
-595986.0;;;255.0
-595984.0;;496.0;
-595493.0;216.3;;
-595324.0;;465.0;
-594565.0;216.4;;
-594000.0;221.2;;
-593950.0;;448.0;
-593945.0;;;244.0
-593239.0;232.9;;
-593159.0;;463.0;
-592689.0;238.0;;
-592627.0;;;287.0
-592512.0;;539.0;
-591920.0;238.1;;
-591465.0;233.2;;
-591388.0;;510.0;
-591383.0;;;267.0
-590747.0;229.4;;
-590329.0;225.7;;
-590204.0;;483.0;
-588943.0;237.4;;
-588430.0;;428.0;
-588429.0;;;227.0
-588385.0;243.6;;
-587918.0;248.1;;
-587887.0;;;283.0
-587886.0;;480.0;
-587274.0;250.2;;
-586766.0;246.3;;
-586698.0;;;278.0
-586665.0;;468.0;
-586084.0;238.8;;
-585697.0;234.4;;
-585596.0;;451.0;
-584943.0;226.0;;
-584456.0;224.0;;
-584417.0;;470.0;
-584414.0;;;251.0
-581463.0;210.6;;
-581084.0;206.7;;
-580956.0;;482.0;
-580441.0;209.9;;
-580050.0;215.4;;
-580024.0;;488.0;
-580018.0;;;221.0
-579557.0;219.4;;
-579210.0;225.2;;
-579167.0;;;240.0
-579114.0;;484.0;
-578745.0;230.3;;
-578450.0;236.2;;
-578411.0;;;244.0
-578373.0;;505.0;
-578069.0;243.8;;
-578004.0;;521.0;
-577871.0;244.1;;
-577788.0;;609.0;
-577485.0;251.5;;
-577204.0;;;266.0
-577199.0;;618.0;
-576907.0;252.9;;
-576649.0;;;273.0
-576642.0;;602.0;
-576355.0;249.1;;
-576100.0;;602.0;
-576097.0;;;270.0
-575819.0;251.1;;
-575583.0;;579.0;
-575292.0;251.3;;
-575052.0;;597.0;
-575049.0;;;250.0
-574773.0;251.3;;
-574553.0;;584.0;
-574538.0;;;255.0
-574272.0;252.9;;
-574045.0;;;257.0
-574039.0;;589.0;
-573780.0;252.5;;
-573573.0;;581.0;
-573315.0;248.9;;
-573099.0;;;274.0
-573097.0;;600.0;
-572853.0;252.1;;
-572647.0;;;261.0
-572646.0;;605.0;
-572403.0;251.9;;
-572197.0;;620.0;
-572196.0;;;270.0
-571952.0;251.8;;
-571749.0;;598.0;
-571512.0;248.7;;
-571312.0;;613.0;
-571310.0;;;269.0
-571087.0;249.2;;
-570899.0;;612.0;
-570897.0;;;279.0
-570669.0;247.7;;
-570475.0;;614.0;
-570473.0;;;275.0
-570240.0;246.3;;
-570051.0;;604.0;
-569825.0;250.3;;
-569652.0;;610.0;
-569643.0;;;267.0
-569417.0;251.6;;
-569231.0;;;269.0
-569229.0;;594.0;
-569005.0;249.6;;
-568816.0;;597.0;
-568810.0;;;266.0
-568598.0;251.8;;
-568419.0;;580.0;
-568189.0;251.8;;
-567998.0;;;280.0
-567997.0;;588.0;
-567778.0;251.3;;
-567598.0;;589.0;282.0
-567381.0;250.0;;
-567209.0;;590.0;
-567206.0;;;279.0
-566996.0;251.3;;
-566821.0;;589.0;
-566606.0;250.2;;
-566430.0;;613.0;
-566428.0;;;273.0
-566217.0;253.0;;
-566037.0;;615.0;
-566036.0;;;274.0
-565827.0;252.8;;
-565649.0;;;269.0
-565642.0;;603.0;
-565431.0;253.9;;
-565268.0;;620.0;
-565057.0;253.2;;
-564889.0;;626.0;
-564884.0;;;269.0
-564669.0;254.5;;
-564502.0;;;277.0
-564501.0;;618.0;
-564283.0;253.9;;
-564108.0;;627.0;
-564105.0;;;283.0
-563901.0;254.3;;
-563735.0;;577.0;
-563516.0;253.7;;
-563336.0;;;280.0
-563335.0;;589.0;
-563127.0;251.4;;
-562959.0;;581.0;
-562955.0;;;275.0
-562749.0;252.6;;
-562572.0;;579.0;
-562570.0;;;291.0
-562361.0;252.4;;
-562185.0;;550.0;
-561968.0;251.4;;
-561784.0;;;268.0
-561781.0;;554.0;
-561567.0;247.6;;
-561394.0;;529.0;
-561381.0;;;272.0
-561165.0;245.8;;
-560971.0;;;277.0
-560969.0;;532.0;
-560740.0;245.7;;
-560549.0;;495.0;
-560322.0;242.3;;
-560138.0;;497.0;
-560126.0;;;280.0
-559896.0;240.1;;
-559692.0;;486.0;
-559689.0;;;276.0
-559453.0;;484.0;
-559445.0;;;269.0
-559359.0;234.1;;
-558980.0;234.6;;
-558972.0;;464.0;
-558509.0;231.9;;
-558500.0;;511.0;
-558492.0;;;280.0
-558291.0;;516.0;
-558288.0;;;259.0
-558022.0;231.6;;
-557811.0;;501.0;
-557793.0;;;267.0
-557511.0;228.3;;
-557290.0;;492.0;
-557268.0;;;261.0
-556979.0;230.3;;
-556745.0;;468.0;
-556443.0;230.2;;
-556233.0;229.7;;
-556227.0;;443.0;
-556214.0;;;246.0
-555937.0;234.5;;
-555723.0;;443.0;
-555714.0;;;244.0
-555435.0;238.1;;
-555223.0;;496.0;
-555215.0;;;262.0
-554939.0;240.4;;
-554778.0;;531.0;
-554774.0;245.6;;
-554762.0;;;269.0
-554414.0;250.5;;
-554193.0;244.0;;
-554173.0;;;283.0
-554168.0;;575.0;
-553889.0;249.1;;
-553687.0;243.0;;
-553664.0;;578.0;
-553662.0;;;282.0
-553395.0;241.0;;
-553173.0;;557.0;
-553169.0;;;271.0
-552881.0;233.9;;
-552630.0;;519.0;
-552304.0;226.7;;
-552020.0;;;269.0
-552016.0;;501.0;
-551676.0;224.3;;
-551369.0;;471.0;
-551364.0;;;242.0
-551011.0;223.6;;
-550730.0;;431.0;
-550685.0;;;233.0
-550370.0;;443.0;
-550300.0;220.3;;
-550273.0;;;243.0
-550029.0;222.1;;
-549988.0;;491.0;
-549502.0;226.3;;
-549174.0;222.3;;
-549147.0;;477.0;
-549131.0;;;268.0
-548687.0;221.7;;
-548353.0;;472.0;
-548337.0;;;272.0
-547880.0;219.9;;
-547504.0;;456.0;
-547489.0;;;261.0
-546983.0;215.2;;
-546587.0;;434.0;
-546022.0;213.6;;
-545623.0;208.8;;
-545584.0;;390.0;
-545580.0;;;246.0
-545063.0;202.5;;
-544707.0;;409.0;
-544613.0;;;239.0
-544006.0;204.6;;
-543499.0;;418.0;
-543489.0;;;251.0
-542854.0;209.7;;
-542398.0;;427.0;
-541726.0;209.6;;
-541241.0;;405.0;
-540552.0;210.3;;
-540031.0;;;253.0
-540030.0;;408.0;
-539395.0;208.1;;
-538846.0;;391.0;
-538845.0;;;246.0
-538204.0;203.6;;
-537669.0;;400.0;
-537009.0;205.0;;
-536985.0;;415.0;
-536967.0;;;255.0
-536460.0;;448.0;
-536457.0;;;252.0
-535820.0;211.2;;
-535783.0;;;267.0
-535779.0;;467.0;
-535288.0;;497.0;
-534672.0;212.9;;
-534188.0;;490.0;
-534181.0;;;264.0
-533533.0;206.4;;
-532968.0;;449.0;
-532414.0;205.0;;
-531901.0;;458.0;
-531897.0;;;236.0
-531296.0;199.4;;
-530774.0;;;241.0
-530766.0;;422.0;
-530169.0;199.8;;
-529712.0;190.5;;
-529680.0;;420.0;
-529085.0;193.8;;
-528735.0;195.1;;
-528619.0;;450.0;
-528066.0;200.0;;
-527690.0;204.4;;
-527630.0;;;226.0
-527624.0;;441.0;
-527151.0;211.4;;
-526797.0;214.5;;
-526751.0;;464.0;
-526749.0;;;270.0
-526312.0;220.7;;
-526283.0;;;270.0
-526244.0;;520.0;
-525928.0;;518.0;264.0
-525504.0;220.3;;
-525140.0;;529.0;
-524711.0;221.2;;
-524364.0;;541.0;
-524360.0;;;260.0
-523958.0;222.7;;
-523635.0;;538.0;
-523613.0;;;264.0
-523214.0;224.7;;
-522876.0;;;260.0
-522873.0;;534.0;
-522459.0;227.8;;
-522128.0;;518.0;
-521716.0;230.3;;
-521373.0;;;247.0
-521367.0;;534.0;
-520973.0;233.7;;
-520640.0;;516.0;
-520636.0;;;253.0
-520266.0;235.8;;
-519967.0;;;255.0
-519955.0;;535.0;
-519602.0;236.8;;
-519311.0;;522.0;
-518942.0;241.9;;
-518647.0;;524.0;
-518646.0;;;248.0
-517015.0;243.5;;
-516722.0;;499.0;
-516384.0;245.5;;
-516095.0;;512.0;
-516086.0;;;260.0
-515756.0;247.7;;
-515467.0;;507.0;
-515119.0;245.3;;
-514822.0;;508.0;
-514820.0;;;254.0
-514467.0;245.5;;
-514454.0;;501.0;
-514445.0;;;282.0
-514179.0;;477.0;
-513821.0;246.2;;
-513808.0;;483.0;
-513799.0;;;281.0
-513545.0;;519.0;
-513538.0;;;289.0
-513163.0;247.2;;
-512855.0;;507.0;
-512854.0;;;270.0
-512479.0;243.0;;
-512168.0;;496.0;
-512164.0;;;284.0
-511774.0;241.5;;
-511447.0;;488.0;
-511047.0;239.2;;
-510717.0;;486.0;
-510713.0;;;269.0
-510319.0;238.2;;
-509980.0;;;265.0
-509976.0;;487.0;
-509565.0;242.0;;
-509240.0;;495.0;
-509214.0;;;252.0
-508815.0;235.2;;
-508492.0;;520.0;
-508058.0;236.4;;
-507715.0;;533.0;
-507297.0;233.4;;
-506957.0;;557.0;
-506944.0;;;269.0
-506526.0;240.3;;
-506171.0;;;280.0
-506165.0;;582.0;
-505764.0;237.0;;
-505450.0;;573.0;
-505061.0;238.2;;
-504742.0;;601.0;
-504736.0;;;275.0
-504337.0;236.0;;
-503999.0;;579.0;
-503566.0;235.5;;
-503205.0;;524.0;
-503204.0;;;267.0
-502827.0;233.9;;
-502530.0;;566.0;
-502133.0;234.1;;
-501855.0;;549.0;
-501827.0;;;281.0
-501425.0;232.2;;
-501088.0;;515.0;
-501087.0;;;273.0
-500675.0;232.0;;
-500320.0;;;265.0
-500299.0;;517.0;
-499916.0;231.2;;
-499621.0;;522.0;
-499180.0;230.8;;
-498827.0;;512.0;
-498821.0;;;261.0
-498413.0;228.2;;
-498068.0;;496.0;
-497660.0;230.8;;
-497326.0;;499.0;
-497317.0;;;263.0
-496915.0;230.6;;
-496577.0;;509.0;
-496154.0;232.8;;
-495823.0;;506.0;
-495820.0;;;264.0
-495416.0;236.5;;
-495066.0;;;266.0
-495060.0;;516.0;
-494658.0;236.4;;
-494322.0;;522.0;
-494311.0;;;244.0
-493903.0;237.6;;
-493563.0;;514.0;
-493135.0;238.5;;
-492788.0;;496.0;
-492774.0;;;254.0
-492361.0;238.3;;
-491993.0;;517.0;
-491557.0;239.1;;
-491212.0;;500.0;
-491205.0;;;260.0
-490788.0;239.7;;
-490438.0;;501.0;
-490009.0;243.7;;
-489656.0;;534.0;
-489650.0;;;266.0
-489241.0;246.7;;
-488880.0;;584.0;
-488877.0;;;274.0
-488495.0;243.3;;
-488165.0;;558.0;
-488162.0;;;268.0
-487772.0;242.6;;
-487525.0;249.3;;
-487434.0;;588.0;
-487046.0;252.8;;
-486739.0;240.9;;
-486706.0;;;274.0
-486693.0;;624.0;
-486318.0;242.0;;
-485983.0;;615.0;
-485980.0;;;265.0
-485591.0;237.1;;
-485270.0;;583.0;
-485254.0;;;261.0
-484866.0;231.3;;
-484505.0;;583.0;
-484093.0;232.9;;
-483767.0;;569.0;
-483760.0;;;254.0
-483326.0;233.0;;
-482970.0;;543.0;
-482962.0;;;261.0
-482515.0;231.2;;
-482156.0;;544.0;
-482147.0;;;257.0
-481699.0;231.4;;
-481327.0;;516.0;
-480853.0;231.4;;
-480458.0;;507.0;
-480453.0;;;257.0
-479982.0;227.3;;
-479602.0;;504.0;
-479572.0;;;255.0
-479085.0;223.4;;
-478687.0;;492.0;
-478664.0;;;243.0
-478158.0;223.8;;
-478135.0;;504.0;
-478130.0;;;256.0
-477760.0;;531.0;
-477194.0;218.8;;
-476771.0;220.8;;
-476752.0;;496.0;
-476732.0;;;232.0
-476174.0;231.3;;
-475769.0;236.5;;
-475725.0;;528.0;
-475721.0;;;242.0
-475212.0;239.1;;
-474822.0;;517.0;
-474798.0;;;262.0
-474290.0;236.6;;
-473834.0;;504.0;
-473268.0;232.8;;
-472782.0;;475.0;
-472774.0;;;255.0
-472212.0;233.1;;
-471724.0;;456.0;
-471713.0;;;239.0
-471152.0;241.2;;
-470676.0;;440.0;
-470670.0;;;241.0
-470145.0;245.6;;
-469813.0;243.9;;
-469662.0;;482.0;
-469096.0;243.7;;
-468647.0;232.7;;
-468583.0;;;264.0
-468523.0;;482.0;
-467991.0;229.2;;
-467520.0;218.7;;
-467473.0;;443.0;
-467456.0;;;248.0
-466860.0;215.5;;
-466430.0;;430.0;
-466373.0;206.5;;
-466340.0;;;230.0
-465727.0;;491.0;
-465652.0;205.5;;
-465584.0;;;212.0
-465120.0;;491.0;
-464315.0;203.4;;
-463719.0;;442.0;
-463656.0;;;219.0
-462916.0;204.4;;
-462321.0;;;239.0
-462300.0;;448.0;
-461506.0;208.1;;
-460897.0;;491.0;
-460891.0;;;237.0
-460183.0;210.0;;
-460145.0;;;245.0
-460140.0;;463.0;
-459737.0;205.2;;
-459597.0;;521.0;
-458842.0;199.9;;
-458790.0;;;244.0
-458767.0;;424.0;
-458210.0;;409.0;
-458204.0;;;232.0
-457480.0;194.4;;
-456941.0;;398.0;
-456847.0;;;211.0
-456099.0;190.7;;
-455474.0;;408.0;
-455458.0;;;218.0
-454641.0;195.5;;
-454061.0;;412.0;
-453329.0;202.4;;
-453293.0;;;237.0
-453290.0;;434.0;
-452758.0;;;256.0
-452736.0;;468.0;
-452073.0;208.3;;
-452029.0;;;282.0
-451942.0;;486.0;
-451564.0;203.3;;
-451514.0;;;261.0
-451474.0;;426.0;
-450845.0;204.3;;
-450333.0;199.1;;
-450258.0;;;236.0
-450249.0;;403.0;
-449643.0;192.5;;
-449151.0;;384.0;
-448505.0;193.3;;
-447962.0;;381.0;
-447950.0;;;195.0
-447294.0;198.4;;
-446740.0;;;212.0
-446738.0;;389.0;
-446153.0;201.9;;
-445664.0;;427.0;
-445658.0;;;242.0
-445034.0;204.9;;
-444987.0;;;266.0
-444981.0;;506.0;
-444629.0;;474.0;
-444620.0;;;264.0
-443879.0;201.2;;
-443812.0;;452.0;
-443808.0;;;234.0
-443339.0;;;233.0
-443273.0;;409.0;
-442700.0;201.7;;
-442634.0;;;232.0
-442632.0;;427.0;
-442236.0;;491.0;
-442188.0;;;249.0
-441612.0;208.1;;
-441583.0;;439.0;
-441570.0;;;233.0
-441117.0;;439.0;
-441110.0;;;240.0
-440461.0;203.5;;
-439926.0;;438.0;
-439270.0;201.1;;
-438729.0;;;234.0
-438720.0;;400.0;
-438146.0;;405.0;
-437615.0;199.1;;
-436481.0;;392.0;
-436406.0;202.0;;
-435708.0;;395.0;
-435202.0;201.3;;
-434513.0;;385.0;
-434039.0;201.7;;
-433365.0;;381.0;
-432854.0;200.3;;
-432152.0;;381.0;
-431724.0;207.5;;
-431120.0;;392.0;
-430649.0;209.8;;
-429964.0;;389.0;
-429495.0;207.6;;
-429244.0;;394.0;
-429113.0;211.5;;
-428848.0;;385.0;
-428778.0;;;236.0
-428083.0;;380.0;
-427926.0;227.2;;
-427839.0;;382.0;
-427183.0;;406.0;
-427056.0;219.7;;
-426829.0;;472.0;
-425901.0;;418.0;
-425883.0;;;266.0
-425616.0;242.5;;
-425435.0;;412.0;
-425335.0;248.2;;
-425132.0;;465.0;
-424663.0;;459.0;
-424648.0;252.1;;
-424447.0;;463.0;
-424077.0;;457.0;
-424025.0;255.3;;
-423696.0;;;260.0
-423663.0;;508.0;
-423619.0;265.4;;
-423292.0;270.0;;
-423279.0;;503.0;
-423224.0;;498.0;
-423017.0;;584.0;
-422934.0;;605.0;
-422890.0;270.8;;
-422766.0;;618.0;
-422458.0;;604.0;
-422382.0;268.3;;
-422266.0;;598.0;
-422020.0;;;293.0
-421876.0;;622.0;
-421814.0;267.7;;
-421401.0;;649.0;
-421069.0;;660.0;
-420699.0;270.6;;
-420596.0;;689.0;
-420465.0;;;278.0
-420207.0;;672.0;
-420124.0;266.4;;
-420031.0;;689.0;
-419615.0;;684.0;
-419534.0;268.6;;
-419406.0;;703.0;
-418792.0;;699.0;
-418594.0;;;283.0
-418496.0;;678.0;
-418400.0;273.8;;
-418291.0;;695.0;
-417926.0;;674.0;
-417858.0;271.2;;
-417725.0;;687.0;
-417416.0;;665.0;
-417310.0;273.7;;
-417128.0;;;274.0
-416940.0;;655.0;
-416672.0;;660.0;
-416366.0;;658.0;
-416295.0;274.6;;
-416155.0;;635.0;
-415813.0;;668.0;
-415748.0;271.8;;
-415618.0;;647.0;
-415594.0;;;275.0
-415307.0;;671.0;
-415241.0;273.4;;
-415132.0;;634.0;
-414621.0;;633.0;
-414310.0;;630.0;
-414243.0;271.7;;
-414087.0;;623.0;
-413886.0;;;269.0
-413835.0;;620.0;
-413767.0;276.4;;
-413618.0;;639.0;
-413132.0;;638.0;
-413013.0;271.6;;
-412626.0;;677.0;
-412592.0;;;277.0
-412082.0;;696.0;
-411998.0;264.9;;
-411611.0;;690.0;
-411117.0;;656.0;
-411012.0;274.9;;
-410927.0;;;277.0
-410632.0;;659.0;
-410112.0;;712.0;
-409661.0;;700.0;
-409634.0;;;266.0
-409221.0;;694.0;
-409121.0;283.5;;
-408789.0;;701.0;
-408357.0;;713.0;
-408308.0;;;283.0
-408256.0;282.6;;
-407920.0;;710.0;
-407524.0;;699.0;
-407433.0;274.7;;
-407115.0;;714.0;
-406974.0;;;276.0
-406740.0;;711.0;
-406650.0;284.5;;
-406360.0;;695.0;
-405959.0;;681.0;
-405815.0;;;287.0
-405594.0;;710.0;
-405222.0;;736.0;
-405143.0;285.6;;
-404873.0;;691.0;
-404724.0;;;279.0
-404503.0;;672.0;
-404418.0;279.6;;
-404119.0;;708.0;
-403778.0;;700.0;
-403738.0;;;275.0
-403418.0;;659.0;
-403059.0;;663.0;
-402977.0;280.5;;
-402715.0;;661.0;
-402666.0;;;287.0
-402304.0;;674.0;
-402231.0;276.5;;
-401951.0;;664.0;
-401602.0;;681.0;
-401554.0;;;283.0
-401229.0;;653.0;
-400866.0;;640.0;
-400781.0;275.7;;
-400505.0;;642.0;
-400357.0;;;289.0
-400140.0;;646.0;
-400050.0;283.1;;
-399759.0;;633.0;
-399386.0;;627.0;
-399350.0;;;283.0
-399029.0;;628.0;
-398642.0;;662.0;
-398554.0;283.2;;
-398254.0;;607.0;
-398215.0;;;286.0
-397858.0;;607.0;
-397772.0;277.1;;
-397465.0;;580.0;
-397070.0;;593.0;
-397015.0;;;290.0
-396645.0;;608.0;
-396225.0;;612.0;
-396136.0;276.3;;
-395811.0;;600.0;
-395764.0;;;282.0
-395389.0;;605.0;
-394964.0;;590.0;
-394574.0;;602.0;
-394520.0;;;292.0
-394107.0;;594.0;
-393604.0;;603.0;
-393178.0;;585.0;
-393168.0;;;281.0
-392727.0;;594.0;
-392610.0;260.7;;
-392246.0;;550.0;
-392199.0;;;276.0
-391749.0;;562.0;
-391675.0;;;272.0
-391629.0;273.6;;
-391243.0;;485.0;
-391197.0;;;282.0
-390716.0;;498.0;
-390672.0;;;273.0
-390594.0;259.5;;
-390195.0;;489.0;
-390130.0;;;267.0
-389946.0;266.3;;
-389601.0;;;274.0
-389582.0;;488.0;
-389025.0;;506.0;
-388965.0;;;266.0
-388440.0;;525.0;
-388346.0;;;267.0
-387996.0;250.1;;
-387821.0;;568.0;
-387736.0;;;256.0
-387165.0;;472.0;
-387098.0;;;249.0
-386472.0;;452.0;
-386441.0;;;244.0
-386112.0;255.2;;
-385818.0;;463.0;
-385799.0;;;244.0
-385228.0;;531.0;
-385204.0;;;275.0
-384665.0;;637.0;
-384628.0;;;276.0
-384194.0;259.2;;
-384084.0;;;278.0
-384080.0;;594.0;
-383502.0;;577.0;
-383489.0;;;277.0
-383448.0;264.6;;
-382911.0;;;268.0
-382907.0;;553.0;
-382584.0;258.1;;
-382341.0;;561.0;
-382328.0;;;274.0
-381763.0;;536.0;
-381708.0;;;253.0
-381175.0;;482.0;
-381135.0;;;248.0
-380720.0;245.8;;
-380597.0;;587.0;
-380571.0;;;269.0
-380005.0;;601.0;
-379953.0;;;276.0
-379473.0;;548.0;
-379449.0;;;289.0
-379182.0;246.8;;
-378913.0;;544.0;
-378882.0;;;270.0
-378310.0;;;280.0
-378306.0;;548.0;
-377757.0;;485.0;
-377746.0;239.1;;
-377731.0;;;269.0
-377169.0;;494.0;
-377165.0;;;247.0
-376146.0;240.0;;
-375380.0;;442.0;
-375357.0;;;250.0
-374756.0;;445.0;
-374618.0;227.0;;
-374156.0;;433.0;
-374102.0;;;243.0
-373501.0;;426.0;
-373474.0;;;236.0
-372835.0;;426.0;
-372787.0;;;231.0
-372142.0;;445.0;
-372100.0;;;211.0
-371793.0;;;223.0
-371517.0;;451.0;
-370943.0;;540.0;
-370887.0;;;262.0
-370696.0;229.6;;
-370378.0;;523.0;
-370352.0;;;265.0
-369813.0;;502.0;
-369763.0;;;270.0
-369184.0;;491.0;
-369140.0;224.6;;265.0
-368547.0;;508.0;
-367967.0;;518.0;
-367942.0;;;247.0
-367496.0;214.7;;
-367374.0;;444.0;
-367350.0;;;246.0
-366788.0;;422.0;
-366722.0;;;218.0
-366124.0;;422.0;
-366097.0;;;215.0
-365906.0;199.9;;
-365481.0;;460.0;
-365459.0;;;249.0
-364900.0;;403.0;
-364852.0;;;246.0
-364285.0;201.9;;
-364256.0;;416.0;
-364230.0;;;227.0
-363627.0;;460.0;
-363560.0;;;236.0
-362992.0;;416.0;
-362319.0;;449.0;
-362295.0;;;213.0
-361699.0;;413.0;
-361674.0;;;228.0
-361435.0;206.3;;
-361093.0;;487.0;
-360491.0;;433.0;
-360449.0;;;245.0
-359892.0;;466.0;
-359840.0;;;225.0
-359272.0;;420.0;
-359228.0;;;235.0
-359007.0;201.2;;
-358563.0;;415.0;
-357913.0;;456.0;
-357885.0;;;203.0
-357252.0;;418.0;
-357209.0;;;207.0
-356762.0;185.8;;
-356624.0;;417.0;
-355907.0;;431.0;
-355886.0;;;211.0
-355244.0;;435.0;
-354948.0;186.1;;
-354554.0;;420.0;
-353892.0;;404.0;
-353865.0;;;189.0
-353352.0;193.0;;
-353255.0;;403.0;
-352586.0;;406.0;
-351894.0;;395.0;
-351272.0;;405.0;
-350696.0;;397.0;
-350659.0;;;228.0
-350325.0;209.2;;
-349852.0;;;252.0
-349809.0;;403.0;
-349476.0;;414.0;
-348975.0;209.4;;
-348547.0;;;237.0
-348506.0;;402.0;
-348219.0;;392.0;
-347738.0;216.2;;
-347432.0;;;263.0
-347396.0;;407.0;
-347096.0;;459.0;
-346348.0;221.1;;
-346227.0;;;249.0
-346223.0;;421.0;
-345902.0;;403.0;
-345254.0;;417.0;
-344658.0;;391.0;
-344030.0;220.3;;
-343735.0;;;239.0
-343729.0;;389.0;
-343401.0;;374.0;
-342555.0;;;227.0
-342533.0;;368.0;
-342496.0;211.9;;
-342161.0;;375.0;
-341471.0;;366.0;
-341332.0;204.8;;
-340886.0;;370.0;
-339945.0;;;215.0
-339890.0;;394.0;
-339852.0;205.2;;
-339541.0;;395.0;
-338585.0;;;216.0
-338576.0;;439.0;
-338506.0;200.7;;
-338260.0;;449.0;
-337478.0;;;225.0
-337447.0;;460.0;
-337348.0;250.1;;
-337172.0;;465.0;
-336657.0;;445.0;
-336615.0;;445.0;
-336151.0;;453.0;
-335518.0;;;254.0
-335464.0;;486.0;
-335441.0;234.2;;
-335237.0;;486.0;
-334775.0;239.6;;
-334706.0;;;252.0
-334702.0;;504.0;
-334493.0;;496.0;
-334020.0;;;253.0
-333996.0;;531.0;
-333968.0;241.9;;
-333798.0;;537.0;
-333375.0;;;256.0
-333360.0;;566.0;
-333337.0;255.7;;
-333212.0;;570.0;
-332861.0;;;264.0
-332828.0;;597.0;
-332798.0;270.5;;
-332687.0;;581.0;
-332338.0;;;258.0
-332336.0;;652.0;
-332311.0;278.6;;
-332194.0;;631.0;
-331940.0;285.8;;
-331905.0;;;271.0
-331889.0;;607.0;
-331768.0;;604.0;
-331554.0;;590.0;
-331430.0;278.1;;
-331334.0;;599.0;
-331061.0;;;287.0
-331038.0;;797.0;
-330969.0;298.6;;
-330925.0;;798.0;
-330627.0;;;282.0
-330626.0;;776.0;
-330512.0;288.4;;
-330507.0;;738.0;
-330335.0;289.1;;
-330209.0;;;274.0
-330199.0;;726.0;
-330090.0;;721.0;
-329994.0;282.4;;
-329832.0;;673.0;
-329488.0;273.1;;
-329478.0;;;280.0
-329475.0;;649.0;
-329338.0;;636.0;
-328954.0;;;282.0
-328950.0;;637.0;
-328805.0;;615.0;
-328790.0;272.6;;
-328431.0;;637.0;
-328425.0;;;302.0
-328292.0;;621.0;
-328258.0;271.7;;
-327920.0;;663.0;
-327913.0;;;293.0
-327777.0;;643.0;
-327525.0;265.0;;
-327378.0;;;287.0
-327376.0;;658.0;
-327229.0;;636.0;
-326799.0;;;286.0
-326792.0;;669.0;
-326271.0;275.1;;
-326132.0;;657.0;
-325752.0;;;275.0
-325751.0;;662.0;
-325640.0;271.9;;
-325613.0;;642.0;
-325227.0;;;295.0
-325219.0;;654.0;
-325077.0;;644.0;
-325022.0;270.1;;
-324679.0;;;277.0
-324673.0;;634.0;
-324537.0;;611.0;
-324371.0;266.1;;
-324151.0;;;277.0
-324148.0;;635.0;
-324000.0;;633.0;
-323770.0;264.0;;
-323608.0;;;291.0
-323605.0;;644.0;
-323467.0;;626.0;
-323050.0;;;283.0
-323047.0;;617.0;
-323021.0;266.2;;
-322891.0;;612.0;
-322459.0;;590.0;
-322457.0;;;269.0
-322330.0;260.5;;
-322291.0;;580.0;
-321870.0;;;280.0
-321863.0;;568.0;
-321722.0;;593.0;
-321576.0;260.3;;
-321281.0;;;287.0
-321278.0;;557.0;
-321114.0;;544.0;
-320817.0;260.4;;
-320631.0;;;283.0
-320626.0;;533.0;
-320456.0;;519.0;
-320065.0;257.2;;
-319960.0;;528.0;
-319954.0;;;277.0
-319781.0;;519.0;
-319264.0;;529.0;
-319260.0;;;285.0
-319073.0;;521.0;
-318522.0;;503.0;
-318521.0;;;271.0
-318408.0;249.2;;
-318318.0;;498.0;
-317718.0;;;252.0
-317715.0;;480.0;
-317530.0;255.8;;
-317511.0;;478.0;
-316892.0;;;264.0
-316887.0;;479.0;
-316670.0;;481.0;
-316609.0;233.4;;
-316066.0;;;244.0
-316059.0;;480.0;
-315851.0;;445.0;
-315784.0;245.2;;
-315294.0;;;245.0
-315280.0;;459.0;
-315077.0;;465.0;
-314947.0;251.6;;
-314532.0;;;262.0
-314522.0;;515.0;
-314339.0;;607.0;
-314250.0;272.6;;
-313820.0;;;286.0
-313813.0;;635.0;
-313622.0;246.8;;
-313615.0;;598.0;
-313099.0;;;271.0
-313095.0;;606.0;
-312917.0;257.1;;
-312905.0;;618.0;
-312359.0;;;285.0
-312348.0;;634.0;
-312194.0;256.7;;
-312160.0;;553.0;
-311623.0;;;272.0
-311601.0;;568.0;
-311464.0;251.6;;
-311436.0;;548.0;
-310923.0;;;278.0
-310920.0;;540.0;
-310726.0;241.9;;
-310723.0;;522.0;
-310105.0;;;262.0
-310101.0;;516.0;
-309918.0;239.0;;
-309912.0;;515.0;
-309288.0;;;269.0
-309283.0;;517.0;
-309077.0;;470.0;
-309063.0;237.8;;
-308483.0;;493.0;
-308478.0;;;260.0
-308246.0;;461.0;
-308218.0;233.2;;
-307610.0;;460.0;
-307600.0;;;263.0
-307439.0;226.2;;
-307372.0;;467.0;
-306794.0;227.8;;
-306727.0;;;263.0
-306720.0;;509.0;
-306500.0;;478.0;
-305849.0;;;256.0
-305845.0;;466.0;
-305606.0;;459.0;
-305545.0;225.8;;
-304926.0;;;249.0
-304919.0;;485.0;
-304688.0;;459.0;
-304597.0;244.8;;
-304067.0;;;243.0
-304054.0;;449.0;
-303852.0;;451.0;
-303705.0;248.6;;
-303299.0;;;270.0
-303287.0;;505.0;
-303097.0;;498.0;
-302951.0;250.2;;
-302528.0;;;266.0
-302522.0;;490.0;
-302312.0;;491.0;
-302282.0;240.7;;
-301698.0;;;263.0
-301687.0;;477.0;
-301482.0;;466.0;
-301276.0;240.2;;
-300904.0;;;258.0
-300898.0;;462.0;
-300667.0;;456.0;
-300330.0;236.0;;
-300106.0;;453.0;
-300085.0;;;245.0
-299874.0;;453.0;
-299452.0;239.0;;
-299204.0;;;228.0
-299192.0;;487.0;
-298971.0;;459.0;
-298522.0;236.1;;
-298403.0;;;261.0
-298372.0;;520.0;
-298172.0;;518.0;
-297788.0;;496.0;
-297671.0;231.0;;
-297147.0;;;254.0
-297141.0;;518.0;
-296943.0;;519.0;
-296791.0;224.4;;
-296243.0;;;253.0
-296235.0;;491.0;
-295995.0;;467.0;
-295971.0;217.1;;
-295335.0;;;229.0
-295315.0;;505.0;
-295110.0;;488.0;
-294520.0;;;207.0
-294516.0;;524.0;
-294308.0;;587.0;
-293980.0;213.1;;
-293717.0;;;256.0
-293715.0;;564.0;
-293508.0;;552.0;
-292850.0;;;244.0
-292845.0;;501.0;
-292618.0;212.7;;
-292584.0;;489.0;
-291925.0;;;251.0
-291916.0;;521.0;
-291829.0;206.7;;
-291676.0;;482.0;
-291107.0;206.0;;
-291028.0;;;229.0
-291009.0;;454.0;
-290818.0;;444.0;
-290455.0;207.6;;
-290438.0;;453.0;
-290079.0;;448.0;
-289683.0;;459.0;
-289417.0;217.1;;
-289279.0;;454.0;
-288780.0;220.4;;
-288218.0;;524.0;
-288203.0;234.9;;
-287901.0;;547.0;
-287575.0;;531.0;
-287241.0;;530.0;
-286883.0;;532.0;
-286532.0;;511.0;
-286283.0;231.0;;
-286176.0;;521.0;
-285877.0;;514.0;
-285588.0;230.4;;
-285545.0;;529.0;
-285209.0;;520.0;
-285086.0;231.4;;
-284888.0;;507.0;
-284545.0;;500.0;
-284186.0;;495.0;
-284178.0;226.4;;
-283839.0;;486.0;
-283481.0;;470.0;
-283430.0;228.0;;
-283120.0;;457.0;
-282783.0;;477.0;
-282416.0;;465.0;
-282036.0;;509.0;
-281835.0;231.3;;
-281661.0;;499.0;
-281303.0;;471.0;
-280941.0;;453.0;
-280561.0;;425.0;
-280171.0;;468.0;
-279808.0;223.7;;
-279782.0;;457.0;
-279352.0;;448.0;
-278943.0;;462.0;
-278396.0;;473.0;
-278319.0;215.3;;
-278197.0;;455.0;
-277818.0;;463.0;
-277370.0;211.0;;
-277363.0;;420.0;
-276760.0;;438.0;
-276506.0;;428.0;
-276400.0;204.5;;
-275845.0;;466.0;
-275599.0;;480.0;
-275411.0;202.2;;
-275151.0;;452.0;
-274724.0;;467.0;
-274376.0;193.2;;
-274320.0;;504.0;
-273874.0;;479.0;
-273408.0;;455.0;
-273400.0;198.4;;
-272934.0;;475.0;
-272466.0;;463.0;
-272371.0;194.1;;
-271998.0;;467.0;
-271553.0;;483.0;
-271360.0;193.9;;
-270833.0;;451.0;
-270562.0;;470.0;
-270361.0;190.4;;
-269882.0;;445.0;
-269657.0;;453.0;
-269306.0;184.7;;
-269167.0;;458.0;
-268698.0;;441.0;
-268272.0;198.8;;
-268252.0;;460.0;
-267593.0;;439.0;
-267348.0;;454.0;
-267204.0;194.2;;
-266898.0;;423.0;
-266446.0;;454.0;
-266231.0;187.2;;
-266005.0;;418.0;
-265567.0;;414.0;
-265492.0;188.7;;
-265118.0;;425.0;
-264679.0;;384.0;
-264376.0;211.7;;
-264280.0;;417.0;
-263843.0;;422.0;
-263703.0;199.9;;
-263419.0;;412.0;
-263028.0;;415.0;
-262645.0;;398.0;
-262559.0;228.1;;
-262273.0;;417.0;
-261893.0;;414.0;
-261512.0;;462.0;
-261191.0;;509.0;
-260980.0;214.6;;
-260795.0;;482.0;
-260387.0;;480.0;
-260142.0;208.9;;
-259998.0;;443.0;
-259609.0;;424.0;
-259207.0;;452.0;
-258966.0;205.7;;
-258849.0;;456.0;
-258456.0;;434.0;
-258403.0;209.6;;
-258067.0;;451.0;
-257721.0;;473.0;
-257329.0;;430.0;
-256941.0;;496.0;
-256711.0;203.9;;
-256562.0;;510.0;
-256213.0;;493.0;
-255672.0;;450.0;
-255490.0;;465.0;
-255150.0;204.0;;
-255128.0;;483.0;
-254743.0;;466.0;
-254359.0;201.9;;
-254350.0;;475.0;
-254016.0;;448.0;
-253597.0;;422.0;
-253548.0;199.0;;
-253204.0;;442.0;
-252837.0;;405.0;
-252492.0;;420.0;
-251959.0;;427.0;
-251738.0;;426.0;
-251686.0;195.4;;
-251351.0;;398.0;
-250980.0;;401.0;
-250789.0;196.7;;
-250592.0;;396.0;
-250207.0;;395.0;
-249914.0;195.4;;
-249782.0;;401.0;
-249055.0;213.9;;
-248670.0;;432.0;
-248311.0;;408.0;
-248183.0;200.2;;
-247957.0;;413.0;
-247596.0;;410.0;
-247229.0;;408.0;
-246901.0;;466.0;
-246578.0;;473.0;
-246088.0;;540.0;
-245911.0;;525.0;
-245731.0;214.7;;
-245613.0;;525.0;
-245123.0;;545.0;
-244934.0;;508.0;
-244582.0;;513.0;
-244243.0;;486.0;
-243934.0;;475.0;
-243645.0;;494.0;
-243491.0;219.4;;
-243272.0;;503.0;
-243130.0;;502.0;
-242914.0;230.4;;
-242900.0;;519.0;
-242660.0;;523.0;
-242435.0;;528.0;
-242397.0;236.7;;
-242205.0;;528.0;
-241972.0;;541.0;
-241906.0;249.9;;
-241756.0;;546.0;
-241488.0;;558.0;
-241479.0;252.3;;
-241396.0;;538.0;
-241121.0;263.7;;
-240973.0;;542.0;
-240883.0;;525.0;
-240723.0;;519.0;
-240650.0;;;254.0
-240647.0;;515.0;
-240560.0;;521.0;
-240406.0;;539.0;
-240396.0;280.2;;
-240334.0;;;243.0
-240328.0;;523.0;
-240248.0;;594.0;
-240096.0;;680.0;
-240057.0;279.0;;
-240028.0;;;267.0
-240027.0;;696.0;
-239957.0;;673.0;
-239804.0;;653.0;
-239741.0;;;277.0
-239740.0;;667.0;
-239667.0;;648.0;
-239428.0;;661.0;
-239427.0;;;273.0
-239416.0;263.2;;
-239329.0;;641.0;
-239154.0;;623.0;
-239077.0;;;270.0
-239075.0;;627.0;
-238995.0;259.7;;
-238987.0;;611.0;
-238811.0;;616.0;
-238723.0;;;261.0
-238721.0;;616.0;
-238629.0;;609.0;
-238441.0;;599.0;
-238356.0;;;257.0
-238353.0;;606.0;
-238263.0;;601.0;
-238077.0;;592.0;
-238023.0;252.8;;
-237989.0;;;253.0
-237984.0;;597.0;
-237885.0;;594.0;
-237711.0;;562.0;
-237626.0;;;254.0
-237624.0;;577.0;
-237540.0;;566.0;
-237527.0;247.4;;
-237318.0;;564.0;
-237207.0;;;267.0
-237204.0;;579.0;
-237099.0;;565.0;
-237063.0;245.8;;
-236998.0;;559.0;
-236898.0;;549.0;
-236804.0;;588.0;
-236800.0;;;259.0
-236691.0;;549.0;
-236608.0;245.6;;
-236465.0;;550.0;
-236371.0;;;238.0
-236368.0;;566.0;
-236159.0;;554.0;
-236031.0;;557.0;
-236010.0;;;264.0
-235924.0;;565.0;
-235918.0;239.1;;
-235815.0;;539.0;
-235495.0;;;270.0
-235482.0;;548.0;
-235359.0;;545.0;
-235344.0;243.1;;
-235158.0;;543.0;
-235045.0;;;267.0
-235042.0;;554.0;
-234912.0;;529.0;
-234784.0;247.4;;
-234661.0;;518.0;
-234440.0;;512.0;
-234164.0;241.4;;
-234151.0;;481.0;
-233970.0;;508.0;
-233742.0;;499.0;
-233530.0;252.1;;
-233477.0;;478.0;
-233128.0;;462.0;
-232987.0;;519.0;
-232867.0;245.2;;
-232731.0;;453.0;
-232481.0;;433.0;
-232199.0;;426.0;
-231924.0;;430.0;
-231643.0;;457.0;
-231377.0;;429.0;
-231103.0;;419.0;
-230811.0;;434.0;
-230484.0;;440.0;
-230185.0;;433.0;
-229894.0;;429.0;
-229455.0;;431.0;
-229260.0;;429.0;
-229116.0;241.6;;
-228914.0;;417.0;
-228572.0;;456.0;
-228472.0;233.9;;
-228231.0;;506.0;
-227927.0;;474.0;
-227473.0;232.4;;
-227471.0;;464.0;
-227311.0;;473.0;
-226992.0;;471.0;
-226642.0;;490.0;
-226297.0;;517.0;
-225938.0;;491.0;
-225826.0;224.5;;
-225582.0;;504.0;
-225235.0;;503.0;
-225077.0;233.1;;
-224763.0;;547.0;
-224761.0;234.5;;
-224587.0;;547.0;
-224306.0;;532.0;
-223959.0;235.5;;
-223956.0;;556.0;
-222973.0;215.7;;
-222950.0;;516.0;
-222737.0;;496.0;
-222382.0;;476.0;
-222319.0;203.3;;
-221918.0;;504.0;
-221652.0;;464.0;
-221316.0;;489.0;
-220979.0;;543.0;
-220629.0;;519.0;
-220338.0;;528.0;
-220080.0;205.6;;
-220035.0;;504.0;
-219694.0;;495.0;
-219374.0;;501.0;
-219038.0;;488.0;
-218789.0;208.8;;
-218729.0;;491.0;
-218426.0;;484.0;
-218115.0;;477.0;
-218108.0;207.1;;
-217825.0;;538.0;
-217543.0;;508.0;
-217266.0;;489.0;
-217166.0;216.1;;
-216998.0;;469.0;
-216733.0;;461.0;
-216475.0;;495.0;
-216411.0;214.1;;
-216218.0;;460.0;
-215817.0;;453.0;
-215692.0;;445.0;
-215456.0;;452.0;
-215216.0;;443.0;
-214990.0;;454.0;
-214452.0;;480.0;
-214402.0;240.5;;
-213965.0;;457.0;
-213481.0;;506.0;
-213475.0;;;241.0
-213432.0;245.3;;
-213015.0;;569.0;
-212844.0;251.1;;
-212569.0;;561.0;
-212567.0;;;265.0
-212509.0;251.7;;
-212102.0;;591.0;
-212034.0;247.5;;
-211639.0;;;257.0
-211638.0;;574.0;
-211586.0;242.6;;
-211320.0;240.3;;
-211179.0;;573.0;
-210766.0;241.4;;
-210742.0;;586.0;
-210741.0;;;251.0
-210311.0;;583.0;
-209908.0;251.2;;
-209852.0;;577.0;
-209400.0;;593.0;
-208954.0;;579.0;252.0
-208863.0;243.4;;
-208528.0;;558.0;
-208204.0;257.4;;
-208103.0;;565.0;
-208099.0;;;253.0
-207867.0;239.5;;
-207663.0;;548.0;
-207482.0;246.9;;
-207203.0;;532.0;
-207202.0;;;259.0
-207045.0;252.0;;
-206853.0;247.2;;
-206763.0;;511.0;
-206403.0;;515.0;
-206401.0;;;250.0
-206304.0;243.9;;
-206114.0;244.6;;
-205836.0;;504.0;
-205594.0;242.2;;
-205390.0;;513.0;
-205170.0;240.5;;
-204902.0;;499.0;
-204860.0;230.0;;
-204404.0;;;253.0
-204401.0;;487.0;
-204194.0;237.2;;
-204002.0;238.1;;
-203932.0;;506.0;
-203426.0;;490.0;
-203425.0;;;253.0
-203412.0;231.4;;
-202958.0;229.4;;
-202936.0;;488.0;
-202530.0;226.3;;
-202401.0;;462.0;244.0
-201887.0;228.6;;
-201847.0;;493.0;
-201367.0;232.2;;
-201302.0;;436.0;
-201299.0;;;245.0
-200924.0;231.9;;
-200726.0;;489.0;
-200463.0;244.4;;
-200213.0;;466.0;
-199709.0;;541.0;
-199344.0;;539.0;
-199342.0;;;257.0
-199213.0;247.6;;
-198791.0;;530.0;
-198398.0;;539.0;
-198397.0;;;255.0
-197968.0;239.1;;
-197400.0;;627.0;
-197399.0;;;254.0
-197022.0;250.9;;
-196954.0;;668.0;
-196525.0;;;254.0
-196515.0;;609.0;
-196086.0;;598.0;
-195632.0;;579.0;
-195165.0;;589.0;
-194666.0;;564.0;
-194664.0;;;244.0
-194229.0;242.6;;
-194154.0;;548.0;
-193723.0;241.2;;
-193655.0;;534.0;
-193654.0;;;250.0
-193113.0;;530.0;
-193067.0;226.4;;
-192550.0;;488.0;
-192549.0;;;248.0
-191965.0;;472.0;
-191531.0;220.0;;
-191329.0;;493.0;
-191327.0;;;232.0
-190960.0;226.5;;
-190742.0;;503.0;
-190150.0;;512.0;
-189652.0;;496.0;
-189120.0;;471.0;
-189115.0;;;251.0
-188402.0;218.0;;
-188309.0;;470.0;
-187663.0;;;216.0
-187651.0;;432.0;
-187126.0;220.3;;
-187073.0;;423.0;
-186547.0;;425.0;
-186545.0;;;227.0
-186486.0;231.4;;
-185981.0;;462.0;
-185466.0;;446.0;
-185456.0;;;254.0
-184962.0;;437.0;
-184747.0;231.3;;
-184256.0;;447.0;
-183593.0;;459.0;
-182912.0;;;216.0
-182905.0;;476.0;
-182735.0;210.7;;
-182258.0;;514.0;
-181766.0;;532.0;
-181760.0;;;220.0
-180965.0;;530.0;
-180323.0;;528.0;
-180309.0;;;227.0
-180096.0;203.4;;
-179614.0;;496.0;
-179069.0;;496.0;
-179061.0;;;242.0
-178270.0;;490.0;
-178118.0;199.7;;
-177627.0;;452.0;
-177167.0;198.1;;
-176969.0;;483.0;
-176471.0;;479.0;
-176468.0;;;234.0
-176229.0;217.7;;
-175828.0;;542.0;
-175301.0;;550.0;
-175298.0;;;258.0
-175189.0;213.2;;
-174724.0;;547.0;
-174079.0;;499.0;271.0
-173391.0;;466.0;
-173356.0;207.7;;
-172794.0;;;219.0
-172789.0;;471.0;
-172236.0;;457.0;
-171683.0;;427.0;
-171444.0;190.1;;
-171189.0;;456.0;
-171185.0;189.4;;
-170484.0;190.3;;
-170480.0;;433.0;
-170474.0;;;229.0
-169401.0;196.0;;
-169397.0;;480.0;
-169395.0;;;250.0
-168816.0;;484.0;
-168213.0;;448.0;
-168210.0;;;246.0
-167603.0;;442.0;
-167542.0;197.7;;
-167051.0;;478.0;
-167049.0;;;242.0
-166542.0;;445.0;
-166061.0;;496.0;
-165540.0;;495.0;
-165233.0;197.8;;
-164957.0;;479.0;
-164956.0;;;241.0
-164360.0;;449.0;
-163783.0;;433.0;
-163781.0;;;232.0
-163198.0;;424.0;
-162599.0;;384.0;212.0
-162489.0;196.6;;
-162024.0;;393.0;
-161748.0;183.8;;
-161415.0;;417.0;
-161414.0;;;205.0
-161074.0;186.7;;
-160896.0;;411.0;
-160371.0;;442.0;
-160278.0;190.1;;
-159840.0;;413.0;
-159729.0;191.6;;
-159389.0;;424.0;
-159381.0;;;226.0
-158661.0;;410.0;
-158058.0;;415.0;
-158056.0;;;213.0
-157993.0;196.5;;
-157612.0;204.3;;
-157526.0;;407.0;
-157048.0;;440.0;
-157047.0;;;236.0
-156570.0;;407.0;
-156047.0;;410.0;
-156046.0;;;210.0
-155481.0;;400.0;
-154833.0;;422.0;
-154208.0;;399.0;
-153863.0;187.5;;
-153615.0;;407.0;
-153613.0;;;204.0
-153445.0;185.5;;
-153072.0;;385.0;
-152530.0;189.0;;
-152515.0;;393.0;
-152507.0;;;202.0
-151972.0;;403.0;
-151389.0;;;186.0
-151388.0;;402.0;
-150831.0;;413.0;
-150411.0;;426.0;
-150392.0;;;252.0
-149765.0;;422.0;
-149473.0;200.6;;
-149233.0;;432.0;
-148698.0;;400.0;
-148178.0;;;258.0
-148176.0;;404.0;
-147971.0;188.9;;
-147853.0;191.9;;
-147686.0;;441.0;
-147243.0;;;233.0
-147240.0;;433.0;
-146881.0;203.0;;
-146632.0;;428.0;
-146084.0;;471.0;
-146083.0;;;223.0
-145559.0;;423.0;
-145099.0;;;224.0
-145098.0;;421.0;
-144483.0;;410.0;
-144079.0;;402.0;
-143449.0;;391.0;
-143413.0;196.9;;
-142884.0;;375.0;
-142882.0;;;216.0
-142352.0;;401.0;
-141849.0;;401.0;
-141835.0;;;248.0
-141260.0;;385.0;
-140827.0;;375.0;218.0
-140217.0;;368.0;
-140108.0;190.4;;
-139671.0;;;236.0
-139668.0;;359.0;
-139125.0;;349.0;
-139010.0;196.4;;
-138949.0;195.6;;
-138568.0;;342.0;
-138021.0;;358.0;
-137667.0;196.5;;
-137462.0;;;266.0
-137455.0;;432.0;
-137325.0;192.3;;
-136919.0;;368.0;
-136501.0;;406.0;
-136500.0;;;225.0
-136235.0;190.2;;
-136032.0;194.2;;
-135869.0;;395.0;
-135683.0;193.4;;
-135575.0;;395.0;
-135568.0;;;244.0
-135343.0;194.3;;
-134856.0;;375.0;
-134705.0;201.1;;
-134617.0;195.8;;
-134427.0;;;233.0
-134422.0;;409.0;
-134301.0;202.4;;
-134061.0;200.7;;
-133933.0;201.7;;
-133853.0;;382.0;
-133653.0;198.0;;
-133352.0;;404.0;
-133257.0;198.0;;
-133164.0;200.4;;
-133010.0;204.5;;
-132850.0;;415.0;
-132439.0;;436.0;
-132437.0;;;211.0
-132337.0;203.7;;
-132173.0;208.9;;
-132034.0;;428.0;
-131656.0;;;240.0
-131653.0;;506.0;
-131477.0;210.6;;
-131289.0;;449.0;
-131155.0;220.3;;
-131119.0;223.9;;
-130926.0;;460.0;226.0
-130596.0;;462.0;
-130542.0;223.5;;
-130258.0;;461.0;
-130257.0;;;219.0
-129956.0;;456.0;
-129778.0;228.9;;
-129674.0;;479.0;
-129505.0;240.4;;
-129401.0;;494.0;
-129379.0;245.0;;
-129163.0;;493.0;
-129158.0;;;229.0
-128925.0;;487.0;
-128690.0;;518.0;225.0
-128459.0;;521.0;
-128284.0;;;233.0
-128283.0;;499.0;
-128061.0;;512.0;
-127857.0;;;244.0
-127856.0;;515.0;
-127786.0;259.0;;
-127702.0;257.9;;
-127679.0;;531.0;
-127495.0;;551.0;
-127390.0;263.4;;
-127324.0;;552.0;
-127196.0;264.1;;
-127147.0;;537.0;
-127146.0;;;243.0
-126971.0;;535.0;
-126916.0;282.6;;
-126800.0;;644.0;253.0
-126659.0;286.8;;
-126635.0;;726.0;
-126473.0;;722.0;265.0
-126422.0;287.1;;
-126394.0;274.0;;
-126320.0;;704.0;
-126159.0;;;268.0
-126158.0;;715.0;
-125983.0;;706.0;
-125957.0;275.6;;
-125824.0;;692.0;
-125687.0;;679.0;
-125672.0;275.3;;
-125646.0;;681.0;
-125471.0;;677.0;
-125469.0;;;256.0
-125278.0;;670.0;
-125182.0;262.6;;
-125080.0;;646.0;254.0
-124936.0;262.5;;
-124906.0;;650.0;
-124729.0;;651.0;255.0
-124648.0;267.1;;
-124537.0;;640.0;
-124397.0;273.7;;
-124322.0;;660.0;252.0
-124109.0;;650.0;
-123915.0;;658.0;
-123684.0;;656.0;
-123486.0;;647.0;263.0
-123484.0;277.1;;
-123312.0;273.0;;
-123275.0;;642.0;
-123131.0;279.7;;
-123071.0;;642.0;
-123068.0;;;263.0
-122872.0;;627.0;
-122839.0;266.3;;
-122704.0;;632.0;
-122702.0;;;265.0
-122440.0;;622.0;
-122307.0;266.6;;
-122263.0;268.7;;
-122243.0;;621.0;
-122239.0;;;262.0
-122048.0;;614.0;
-121850.0;;611.0;
-121639.0;;616.0;
-121438.0;;615.0;
-121436.0;;;262.0
-121232.0;;608.0;
-121120.0;276.4;;
-121054.0;;;262.0
-121053.0;;607.0;
-120817.0;;607.0;
-120606.0;;;263.0
-120605.0;;599.0;
-120407.0;;608.0;
-120394.0;272.1;;
-120211.0;;607.0;257.0
-119997.0;;609.0;
-119792.0;;603.0;
-119586.0;;610.0;
-119384.0;;613.0;
-119383.0;;;266.0
-119173.0;;601.0;
-119067.0;277.6;;
-118965.0;;598.0;
-118963.0;;;267.0
-118763.0;;613.0;
-118548.0;;;263.0
-118547.0;;591.0;
-118432.0;265.2;;
-118323.0;;568.0;
-118120.0;;576.0;
-118119.0;;;262.0
-117892.0;;566.0;
-117722.0;271.9;;
-117679.0;;571.0;
-117462.0;;567.0;
-117290.0;;591.0;
-117289.0;;;254.0
-117013.0;;579.0;
-116794.0;;578.0;
-116793.0;;;274.0
-116699.0;273.7;;
-116559.0;;565.0;
-116319.0;;579.0;
-116318.0;;;271.0
-116086.0;;545.0;
-115866.0;;548.0;
-115865.0;;;259.0
-115800.0;267.6;;
-115390.0;;546.0;
-115145.0;;533.0;
-114892.0;;544.0;257.0
-114649.0;;528.0;
-114551.0;262.5;;
-114390.0;;;251.0
-114388.0;;504.0;
-114123.0;;495.0;
-113863.0;;501.0;
-113861.0;;;257.0
-113586.0;;496.0;
-113315.0;;501.0;251.0
-113168.0;273.2;;
-113052.0;;472.0;
-112779.0;;474.0;
-112651.0;274.5;;
-112506.0;;473.0;
-112146.0;261.4;;
-111937.0;;471.0;
-111646.0;;471.0;
-111644.0;;;255.0
-111384.0;;451.0;
-111312.0;266.3;;
-111005.0;;;251.0
-111003.0;;467.0;
-110683.0;;464.0;
-110361.0;;455.0;249.0
-110035.0;;456.0;
-109912.0;256.7;;
-109699.0;;474.0;
-109359.0;;473.0;
-109032.0;;496.0;247.0
-108720.0;;492.0;
-108384.0;;;233.0
-108380.0;;505.0;
-108043.0;;502.0;
-107854.0;251.2;;
-107699.0;;509.0;
-107698.0;;;256.0
-107361.0;;495.0;
-107012.0;;508.0;
-107007.0;;;250.0
-106627.0;;486.0;
-106235.0;;475.0;
-106203.0;245.6;;
-105868.0;;464.0;
-105629.0;238.2;;
-105530.0;;460.0;
-105529.0;;;230.0
-105207.0;;445.0;
-104899.0;;483.0;244.0
-104598.0;;591.0;
-104326.0;;595.0;
-104324.0;;;271.0
-104042.0;;601.0;
-103749.0;;618.0;
-103748.0;;;266.0
-103686.0;230.6;;
-103414.0;;572.0;
-103084.0;;596.0;
-102774.0;;602.0;
-102754.0;236.9;;
-102470.0;;581.0;257.0
-102154.0;;573.0;
-101837.0;;559.0;
-101835.0;;;242.0
-101515.0;228.1;;
-101508.0;;515.0;
-101207.0;;498.0;234.0
-100893.0;;470.0;
-100592.0;;472.0;
-100590.0;;;233.0
-100295.0;;509.0;
-100072.0;;491.0;
-99799.0;236.9;;
-99741.0;;511.0;
-99481.0;;542.0;
-99480.0;;;249.0
-99219.0;;538.0;
-98949.0;;547.0;262.0
-98887.0;230.8;;
-98669.0;;537.0;
-98379.0;;547.0;
-98376.0;;;254.0
-98074.0;;530.0;
-97899.0;225.8;;
-97805.0;;530.0;256.0
-97542.0;;525.0;
-97273.0;;526.0;
-96992.0;;526.0;
-96716.0;;524.0;
-96715.0;;;255.0
-96443.0;;512.0;
-96195.0;;511.0;257.0
-95934.0;;506.0;
-95673.0;;;242.0
-95672.0;;505.0;
-95396.0;;487.0;
-95136.0;;;257.0
-95135.0;;491.0;
-94876.0;;501.0;
-94607.0;;495.0;
-94348.0;;479.0;
-94073.0;;;254.0
-94071.0;;486.0;
-93809.0;;464.0;
-93538.0;;453.0;263.0
-93286.0;;435.0;
-93013.0;;442.0;244.0
-92751.0;;453.0;
-92507.0;;436.0;238.0
-92403.0;232.0;;
-92248.0;;454.0;
-91991.0;;434.0;
-91733.0;;442.0;
-91481.0;;436.0;230.0
-90942.0;;439.0;
-90938.0;;;246.0
-90662.0;;442.0;
-90396.0;;437.0;
-90394.0;;;245.0
-90113.0;;437.0;
-89849.0;;;236.0
-89847.0;;447.0;
-89602.0;;448.0;
-89299.0;228.3;;
-89288.0;;432.0;
-89012.0;;437.0;
-88744.0;;461.0;
-88741.0;;;239.0
-88450.0;;447.0;
-88407.0;224.2;;
-88164.0;;445.0;
-88163.0;;;241.0
-87634.0;;;241.0
-87631.0;;463.0;
-87372.0;;476.0;
-87111.0;;494.0;246.0
-86828.0;;494.0;
-86559.0;;501.0;
-86555.0;;;248.0
-86251.0;;508.0;
-85967.0;208.0;;
-85951.0;;502.0;
-85950.0;;;232.0
-85664.0;;507.0;
-85390.0;;480.0;
-85386.0;;;244.0
-85054.0;;446.0;
-84776.0;;448.0;
-84775.0;;;225.0
-84522.0;;429.0;
-84258.0;;468.0;
-84257.0;;;215.0
-84231.0;217.0;;
-83996.0;;425.0;
-83816.0;;429.0;
-83491.0;;454.0;
-83255.0;;452.0;
-83251.0;;;220.0
-83070.0;214.2;;
-82999.0;;443.0;
-82751.0;;450.0;
-82750.0;;;230.0
-82511.0;;445.0;
-82275.0;;464.0;
-82273.0;;;243.0
-82066.0;228.0;;
-82022.0;;465.0;
-81789.0;;485.0;239.0
-81561.0;;515.0;
-81383.0;236.4;;
-81327.0;;560.0;
-81117.0;;631.0;
-80916.0;;629.0;
-80915.0;;;267.0
-80690.0;;622.0;
-80468.0;;616.0;266.0
-80467.0;241.1;;
-80262.0;;617.0;
-80033.0;;606.0;265.0
-79791.0;;571.0;
-79574.0;;595.0;
-79572.0;;;271.0
-79334.0;;576.0;
-79126.0;;584.0;
-78852.0;;548.0;
-78664.0;230.9;;
-78620.0;;549.0;
-78618.0;;;251.0
-78372.0;;550.0;
-78154.0;;535.0;262.0
-77924.0;;563.0;
-77676.0;;536.0;261.0
-77448.0;;515.0;
-77197.0;;515.0;
-77196.0;;;250.0
-76961.0;;512.0;
-76696.0;;497.0;
-76416.0;;487.0;
-76233.0;221.7;;
-76200.0;;477.0;262.0
-75935.0;;463.0;
-75644.0;;450.0;
-75642.0;;;256.0
-75367.0;;475.0;
-75200.0;217.1;;
-75106.0;;472.0;
-75104.0;;;250.0
-74846.0;;442.0;
-74579.0;;442.0;
-74578.0;;;228.0
-74291.0;;466.0;
-74022.0;;422.0;
-73762.0;;438.0;
-73475.0;;424.0;
-73472.0;;;235.0
-73189.0;;415.0;
-72935.0;;416.0;
-72933.0;;;226.0
-72681.0;;461.0;
-72442.0;;;255.0
-72441.0;;477.0;
-72207.0;;467.0;
-71966.0;;469.0;274.0
-71735.0;;461.0;
-71483.0;;451.0;
-71277.0;229.1;;
-71175.0;;452.0;
-70904.0;;448.0;
-70903.0;;;254.0
-70579.0;;453.0;
-70259.0;;457.0;
-70257.0;;;234.0
-69941.0;;432.0;
-69661.0;;432.0;
-69660.0;;;216.0
-69403.0;;431.0;
-69149.0;;;220.0
-69148.0;;449.0;
-69099.0;227.3;;
-68916.0;;482.0;
-68683.0;;475.0;
-68495.0;;470.0;
-68221.0;;473.0;
-68216.0;;;251.0
-67983.0;;490.0;
-67636.0;;450.0;
-67635.0;;;232.0
-67410.0;;462.0;
-67026.0;;460.0;
-67022.0;;;217.0
-66734.0;;474.0;
-66329.0;;456.0;
-66328.0;;;213.0
-66086.0;;451.0;
-65782.0;;480.0;
-65482.0;;471.0;
-65126.0;;453.0;
-65125.0;;;209.0
-64868.0;;459.0;
-64539.0;;449.0;
-64536.0;;;218.0
-64305.0;;461.0;
-63989.0;194.9;;
-63980.0;;;224.0
-63976.0;;444.0;
-63665.0;;476.0;
-63309.0;;457.0;
-63302.0;;;215.0
-63034.0;;461.0;
-62989.0;191.4;;
-62704.0;;462.0;
-62400.0;;440.0;
-62067.0;;434.0;
-62066.0;;;215.0
-61817.0;;489.0;
-61482.0;;484.0;241.0
-61253.0;;468.0;
-60909.0;195.3;;
-60869.0;;444.0;248.0
-60606.0;;444.0;
-60252.0;;430.0;
-60251.0;;;214.0
-60007.0;;439.0;
-59697.0;;431.0;
-59101.0;;432.0;229.0
-58898.0;;437.0;
-58862.0;;412.0;
-58598.0;;425.0;
-58596.0;;;236.0
-58391.0;;430.0;
-58099.0;;426.0;223.0
-57915.0;;443.0;
-57640.0;;425.0;
-57634.0;;;228.0
-57416.0;;435.0;
-57104.0;;442.0;
-56930.0;;454.0;
-56660.0;;523.0;
-56659.0;;;269.0
-56441.0;;502.0;
-56208.0;;554.0;283.0
-56043.0;;561.0;
-55771.0;;520.0;
-55770.0;;;263.0
-55707.0;210.4;;
-55586.0;;515.0;
-55306.0;;542.0;
-55305.0;;;256.0
-55138.0;221.7;;
-54893.0;;554.0;
-54840.0;;543.0;
-54642.0;;550.0;
-54366.0;;546.0;248.0
-53857.0;;483.0;
-53854.0;;;219.0
-53846.0;;534.0;
-53642.0;;466.0;
-53338.0;;461.0;
-53337.0;;;236.0
-53135.0;;514.0;
-52881.0;;476.0;
-52879.0;;;257.0
-52453.0;;462.0;
-52150.0;;437.0;
-51922.0;;438.0;
-51919.0;;;249.0
-51739.0;;438.0;
-51482.0;;513.0;
-51480.0;;;251.0
-51249.0;;535.0;
-51040.0;;;269.0
-51039.0;;530.0;
-50864.0;;529.0;
-50582.0;;543.0;261.0
-50432.0;190.4;;
-50399.0;;567.0;
-50170.0;;527.0;
-49933.0;;531.0;
-49671.0;;517.0;
-49669.0;;;264.0
-49477.0;;544.0;
-49194.0;;515.0;
-49191.0;;;249.0
-48971.0;;510.0;
-48713.0;215.7;;
-48672.0;;493.0;
-48671.0;;;242.0
-48491.0;;489.0;
-48242.0;;470.0;
-48241.0;;;243.0
-47940.0;;492.0;
-47766.0;;452.0;
-47740.0;210.1;;
-47538.0;;434.0;
-47307.0;;464.0;
-47306.0;;;224.0
-46989.0;;461.0;
-46904.0;188.4;;
-46728.0;;435.0;
-46727.0;;;229.0
-46223.0;;414.0;220.0
-46002.0;;453.0;
-45719.0;;;232.0
-45718.0;;437.0;
-45521.0;;425.0;
-45386.0;189.3;;
-45271.0;;441.0;
-45238.0;;432.0;
-45038.0;;440.0;
-44795.0;;493.0;
-44794.0;;;257.0
-44599.0;;499.0;
-44389.0;;514.0;270.0
-44264.0;;497.0;
-43927.0;;499.0;251.0
-43748.0;;487.0;
-43465.0;;;249.0
-43464.0;;467.0;
-43284.0;;490.0;
-43039.0;;462.0;
-43033.0;;;234.0
-42725.0;;469.0;
-42453.0;;427.0;241.0
-42212.0;;431.0;
-41913.0;;411.0;
-41911.0;;;228.0
-41640.0;;415.0;
-41550.0;209.1;;
-41487.0;;437.0;
-41395.0;;463.0;
-41393.0;;;235.0
-41169.0;;482.0;
-41086.0;;486.0;
-40938.0;;;245.0
-40934.0;;470.0;
-40889.0;;471.0;
-40729.0;;446.0;
-40546.0;;456.0;
-40346.0;;415.0;
-40213.0;;416.0;
-40101.0;;429.0;
-39978.0;;;220.0
-39977.0;;414.0;
-39737.0;;458.0;
-39511.0;;467.0;
-39420.0;;465.0;
-39419.0;;;240.0
-39401.0;;465.0;
-39315.0;;462.0;
-39307.0;;465.0;
-39273.0;;457.0;
-39216.0;;442.0;
-39160.0;;433.0;
-39119.0;;434.0;
-39108.0;;420.0;
-39107.0;;;224.0
-39001.0;;433.0;
-38911.0;;;232.0
-38910.0;;422.0;
-38898.0;;447.0;
-38854.0;;426.0;
-38699.0;;419.0;
-38686.0;;413.0;
-38685.0;;;217.0
-38475.0;;420.0;
-38421.0;;429.0;243.0
-38344.0;;450.0;
-38269.0;;440.0;
-38261.0;;448.0;
-38212.0;;442.0;
-38102.0;;414.0;
-38082.0;;;233.0
-38081.0;;422.0;
-38047.0;;424.0;
-37858.0;;411.0;
-37841.0;;419.0;
-37804.0;;419.0;
-37641.0;;427.0;
-37639.0;;;220.0
-37425.0;;;219.0
-37423.0;;444.0;
-37226.0;;450.0;
-37070.0;;441.0;217.0
-36847.0;;455.0;
-36698.0;;;213.0
-36471.0;;440.0;
-36287.0;;443.0;222.0
-36095.0;;526.0;
-35943.0;;481.0;231.0
-35899.0;;540.0;
-35801.0;;539.0;
-35725.0;;547.0;
-35609.0;;544.0;
-35574.0;;557.0;
-35569.0;;;255.0
-35565.0;;560.0;
-35521.0;209.1;;
-35456.0;;580.0;
-35417.0;;563.0;
-35348.0;;572.0;
-35250.0;;548.0;
-35239.0;;;249.0
-35238.0;;536.0;
-35177.0;;587.0;
-35038.0;;534.0;
-34987.0;;534.0;
-34663.0;;524.0;
-34572.0;;494.0;246.0
-34424.0;;469.0;
-34358.0;;471.0;
-34155.0;;;224.0
-34154.0;;441.0;
-34050.0;;440.0;
-33943.0;;441.0;
-33891.0;;425.0;
-33814.0;;426.0;
-33702.0;;;217.0
-33700.0;;444.0;
-33539.0;;421.0;
-33380.0;;427.0;
-33288.0;;492.0;
-33231.0;;498.0;
-33111.0;;514.0;
-33109.0;;;227.0
-33059.0;205.3;;
-32996.0;;513.0;
-32954.0;;520.0;
-32951.0;;519.0;
-32718.0;;489.0;
-32717.0;;;226.0
-32628.0;;457.0;
-32581.0;;447.0;
-32387.0;;428.0;
-32386.0;;;224.0
-32235.0;;430.0;
-32129.0;;430.0;
-32096.0;;420.0;
-31907.0;;419.0;
-31906.0;;;224.0
-31860.0;;415.0;
-31785.0;;426.0;
-31738.0;;479.0;222.0
-31530.0;;461.0;
-31302.0;;;220.0
-31298.0;;444.0;
-31252.0;;443.0;
-31198.0;;440.0;
-31110.0;;428.0;
-31076.0;;424.0;
-30957.0;;;218.0
-30954.0;;432.0;
-30864.0;;415.0;
-30818.0;;404.0;
-30695.0;;405.0;
-30638.0;;410.0;
-30465.0;;409.0;
-30464.0;;;220.0
-30420.0;;452.0;
-30304.0;;431.0;
-30213.0;;471.0;
-30119.0;;457.0;
-30056.0;;;231.0
-29945.0;;441.0;
-29843.0;;422.0;
-29806.0;;427.0;
-29454.0;;412.0;
-29451.0;;;223.0
-29248.0;;404.0;
-29025.0;;;213.0
-29024.0;;392.0;
-28811.0;;408.0;
-28668.0;;410.0;
-28667.0;;;216.0
-28198.0;;392.0;
-28070.0;191.7;;
-28030.0;;399.0;
-28029.0;;;199.0
-27751.0;;391.0;
-27369.0;;368.0;
-27367.0;;;211.0
-27141.0;;388.0;
-27113.0;188.5;;
-26998.0;;;203.0
-26814.0;;444.0;
-26552.0;;414.0;
-26549.0;;;221.0
-26336.0;;402.0;
-26186.0;;399.0;
-26185.0;;;228.0
-25946.0;;382.0;
-25730.0;;426.0;
-25729.0;;;220.0
-25554.0;;406.0;
-25386.0;;396.0;
-25384.0;;;221.0
-25124.0;;386.0;
-24968.0;;387.0;
-24964.0;;;231.0
-24681.0;;396.0;
-24044.0;191.6;;
-24040.0;;364.0;
-23875.0;;;217.0
-23874.0;;355.0;
-23649.0;;365.0;
-23386.0;;;235.0
-23379.0;;370.0;
-22977.0;;372.0;
-22771.0;;389.0;202.0
-22566.0;;373.0;
-22349.0;;360.0;227.0
-22134.0;;375.0;
-21939.0;;;202.0
-21938.0;;398.0;
-21797.0;;386.0;
-21522.0;;390.0;
-21521.0;;;210.0
-21329.0;;390.0;
-21181.0;;;206.0
-21180.0;;390.0;
-20945.0;;385.0;
-20877.0;189.2;;
-20768.0;;407.0;
-20765.0;;;219.0
-20065.0;184.4;;
-20040.0;;;226.0
-20036.0;;355.0;
-19904.0;185.7;;
-19836.0;;357.0;
-19835.0;;;240.0
-19557.0;186.1;;
-19520.0;;357.0;239.0
-19307.0;184.7;;
-19269.0;;;229.0
-19268.0;;354.0;
-19061.0;186.5;;
-19027.0;;;244.0
-19004.0;;365.0;
-18798.0;186.9;;
-18762.0;;;279.0
-18758.0;;378.0;
-18552.0;187.8;;
-18519.0;;367.0;
-18517.0;;;243.0
-18516.0;;384.0;
-18247.0;195.0;;
-18218.0;188.2;;
-18174.0;;375.0;242.0
-18038.0;188.0;;
-18013.0;;374.0;
-18012.0;;;222.0
-17798.0;190.0;;
-17745.0;;;243.0
-17743.0;;351.0;
-17732.0;;;243.0
-17730.0;;356.0;
-17559.0;188.8;;
-17529.0;;377.0;
-17528.0;;;244.0
-17501.0;;358.0;
-17397.0;188.7;;
-17367.0;;366.0;
-17366.0;;;225.0
-16971.0;188.3;;
-16941.0;;;218.0
-16940.0;;379.0;
-16923.0;;373.0;
-16918.0;192.3;;
-16878.0;189.4;;
-16591.0;188.6;;
-16569.0;;371.0;
-16568.0;;;204.0
-16558.0;;378.0;
-16540.0;;371.0;
-16335.0;187.0;;
-16307.0;;;253.0
-16306.0;;375.0;
-15993.0;189.2;;
-15973.0;;371.0;
-15972.0;;;241.0
-15959.0;;377.0;
-15859.0;188.5;;
-15839.0;;366.0;
-15833.0;;;223.0
-15615.0;188.5;;
-15593.0;;384.0;
-15592.0;;;237.0
-15581.0;;366.0;
-15556.0;;375.0;
-15425.0;191.0;;
-15368.0;;;231.0
-15366.0;;371.0;
-15161.0;193.9;;
-15133.0;;;223.0
-15125.0;;389.0;
-15096.0;;395.0;
-14920.0;195.2;;
-14883.0;;381.0;
-14881.0;;;256.0
-14876.0;;408.0;
-14874.0;;;234.0
-14709.0;200.8;;
-14685.0;;;228.0
-14667.0;;404.0;
-14654.0;;409.0;
-14502.0;202.9;;
-14481.0;;;227.0
-14480.0;;405.0;
-14310.0;207.7;;
-14293.0;;427.0;
-14292.0;;;224.0
-14263.0;;424.0;
-14123.0;207.5;;
-14110.0;;419.0;
-14106.0;;;231.0
-13936.0;214.0;;
-13920.0;;473.0;
-13919.0;;;226.0
-13915.0;;438.0;
-13894.0;;441.0;
-13792.0;219.4;;
-13790.0;;;220.0
-13620.0;220.9;;
-13605.0;;456.0;223.0
-13595.0;;441.0;
-13488.0;221.0;;
-13443.0;;452.0;244.0
-13283.0;222.0;;
-13267.0;;451.0;222.0
-13253.0;;463.0;
-13062.0;224.5;;
-13018.0;;;242.0
-13016.0;;476.0;
-12940.0;225.2;;
-12921.0;;;240.0
-12920.0;;470.0;
-12775.0;226.1;;
-12761.0;;459.0;233.0
-12605.0;;469.0;
-12600.0;228.4;;
-12597.0;;470.0;
-12585.0;;461.0;
-12584.0;;;238.0
-12362.0;;476.0;
-12353.0;228.5;;
-12339.0;;465.0;240.0
-12060.0;;569.0;
-12001.0;;597.0;
-11998.0;239.1;;
-11992.0;;578.0;
-11991.0;;;268.0
-11854.0;238.6;;
-11821.0;;612.0;271.0
-11703.0;238.6;;
-11697.0;;;268.0
-11696.0;;630.0;
-11687.0;;623.0;
-11675.0;;619.0;
-11592.0;239.2;;
-11551.0;;;257.0
-11547.0;;613.0;
-11490.0;236.4;;
-11478.0;;619.0;262.0
-11468.0;;625.0;
-11406.0;;628.0;
-11305.0;;646.0;262.0
-11291.0;237.6;;
-11140.0;237.9;;
-11129.0;;653.0;
-11127.0;;;258.0
-11120.0;;670.0;
-10992.0;237.3;;
-10960.0;;662.0;
-10959.0;;;267.0
-10934.0;;661.0;
-10810.0;238.3;;
-10798.0;;;265.0
-10797.0;;646.0;
-10786.0;;610.0;
-10692.0;234.2;;
-10655.0;;643.0;
-10654.0;;;252.0
-10546.0;237.6;;
-10535.0;;627.0;
-10533.0;;;247.0
-10527.0;;651.0;
-10421.0;237.5;;
-10388.0;;542.0;253.0
-10172.0;240.3;;
-10144.0;;479.0;
-10100.0;243.2;;
-10089.0;;467.0;245.0
-10083.0;;480.0;
-10008.0;246.6;;
-9973.0;;;243.0
-9971.0;;462.0;
-9946.0;245.3;;
-9869.0;245.3;;
-9858.0;;483.0;238.0
-9848.0;;462.0;
-9777.0;250.7;;
-9767.0;;477.0;
-9748.0;;;236.0
-9726.0;251.1;;
-9685.0;249.7;;
-9675.0;;468.0;239.0
-9660.0;;488.0;
-9630.0;250.7;;
-9519.0;253.8;;
-9486.0;253.9;;
-9461.0;;;245.0
-9460.0;;469.0;
-9442.0;255.4;;
-9388.0;260.8;;
-9383.0;;559.0;
-9380.0;;;245.0
-9375.0;;643.0;
-9328.0;258.8;;
-9286.0;265.2;;
-9266.0;;665.0;
-9264.0;;;256.0
-9251.0;263.0;;
-9186.0;264.0;;
-9180.0;;654.0;253.0
-9174.0;;653.0;
-9137.0;264.5;;
-9128.0;;633.0;
-9127.0;;;265.0
-9116.0;;650.0;
-9064.0;264.2;;
-8983.0;264.1;;
-8975.0;;703.0;269.0
-8945.0;264.4;;
-8922.0;;679.0;
-8877.0;265.3;;
-8868.0;;673.0;264.0
-8862.0;;694.0;
-8855.0;265.0;;
-8794.0;264.8;;
-8757.0;;681.0;
-8756.0;;;266.0
-8709.0;;685.0;
-8671.0;264.8;;
-8662.0;;666.0;269.0
-8654.0;;671.0;
-8577.0;267.6;;
-8568.0;;652.0;
-8567.0;;;274.0
-8528.0;;669.0;
-8467.0;265.1;;
-8459.0;;661.0;264.0
-8444.0;;672.0;
-8344.0;266.0;;
-8324.0;;688.0;
-8321.0;;;273.0
-8303.0;;682.0;
-8259.0;266.9;;
-8254.0;;678.0;268.0
-8242.0;;694.0;
-8148.0;;698.0;
-8147.0;;;272.0
-8138.0;267.5;;
-8086.0;;717.0;
-8033.0;264.9;;
-8012.0;;678.0;
-8011.0;;;270.0
-7959.0;265.7;;
-7933.0;;;269.0
-7932.0;;685.0;
-7885.0;;675.0;
-7857.0;263.4;;
-7851.0;;682.0;
-7849.0;;;259.0
-7844.0;;670.0;
-7771.0;264.0;;
-7769.0;;674.0;
-7750.0;;676.0;
-7749.0;;;260.0
-7690.0;;693.0;
-7647.0;264.2;;
-7642.0;;683.0;
-7638.0;;;255.0
-7637.0;;689.0;
-7586.0;264.4;;
-7583.0;;685.0;
-7560.0;;682.0;
-7559.0;;;260.0
-7510.0;;675.0;
-7441.0;;676.0;
-7367.0;263.8;;
-7362.0;;674.0;
-7360.0;;;261.0
-7355.0;;671.0;
-7331.0;;675.0;
-7282.0;263.0;;
-7257.0;;663.0;256.0
-7199.0;;666.0;
-7190.0;260.9;;
-7185.0;;665.0;258.0
-7184.0;;664.0;
-7142.0;260.6;;
-7135.0;;665.0;
-7133.0;;;256.0
-7131.0;;671.0;
-7070.0;;664.0;
-7023.0;265.2;;
-7011.0;;671.0;
-7005.0;;;260.0
-6956.0;;648.0;
-6919.0;263.8;;
-6893.0;;;260.0
-6892.0;;657.0;
-6882.0;;674.0;
-6834.0;263.7;;
-6822.0;;;258.0
-6821.0;;658.0;
-6814.0;;676.0;
-6758.0;;675.0;
-6703.0;262.0;;
-6698.0;;659.0;258.0
-6694.0;;671.0;
-6629.0;259.3;;
-6601.0;;;266.0
-6599.0;;657.0;
-6573.0;;662.0;
-6527.0;260.4;;
-6503.0;;;265.0
-6502.0;;654.0;
-6485.0;;654.0;
-6437.0;260.9;;
-6428.0;;660.0;
-6426.0;;;259.0
-6421.0;;648.0;
-6381.0;;665.0;
-6331.0;259.0;;
-6324.0;;;262.0
-6323.0;;649.0;
-6319.0;;647.0;
-6252.0;;660.0;
-6231.0;261.8;;
-6221.0;;641.0;257.0
-6207.0;;;256.0
-6205.0;;642.0;
-6158.0;;640.0;
-6139.0;;651.0;
-6118.0;;624.0;
-6116.0;;633.0;
-6103.0;;626.0;
-6100.0;260.7;;
-6089.0;;606.0;
-6083.0;;;256.0
-6062.0;;632.0;
-6040.0;261.3;;
-6035.0;;660.0;
-6009.0;;;259.0
-6007.0;;624.0;
-5963.0;;613.0;
-5942.0;;589.0;
-5926.0;258.3;;
-5924.0;;612.0;
-5921.0;;600.0;
-5907.0;;598.0;
-5906.0;;;253.0
-5891.0;;620.0;
-5873.0;;614.0;
-5831.0;259.3;;
-5828.0;;612.0;
-5819.0;;611.0;254.0
-5812.0;;620.0;
-5773.0;;618.0;
-5754.0;;623.0;
-5741.0;259.6;;
-5738.0;;620.0;
-5721.0;;;259.0
-5720.0;;623.0;
-5710.0;;619.0;
-5666.0;;620.0;
-5640.0;260.8;;
-5623.0;;623.0;257.0
-5594.0;;617.0;
-5573.0;;617.0;
-5557.0;259.2;;
-5549.0;;;256.0
-5548.0;;610.0;
-5546.0;;625.0;
-5480.0;;617.0;
-5463.0;259.7;;
-5458.0;;602.0;
-5455.0;;612.0;258.0
-5370.0;260.4;;
-5360.0;;623.0;
-5342.0;;;262.0
-5339.0;;602.0;
-5303.0;;618.0;
-5284.0;260.1;;
-5259.0;;618.0;258.0
-5177.0;;623.0;
-5162.0;258.4;;
-5156.0;;607.0;
-5155.0;;612.0;264.0
-5078.0;260.7;;
-5070.0;;610.0;
-5069.0;;;263.0
-5066.0;;631.0;
-5011.0;;614.0;
-4991.0;263.0;;
-4974.0;;607.0;
-4973.0;;;257.0
-4951.0;;633.0;
-4888.0;262.3;;
-4867.0;;605.0;259.0
-4788.0;;608.0;
-4763.0;257.6;;
-4759.0;;603.0;
-4758.0;;636.0;
-4755.0;;;256.0
-4741.0;;604.0;
-4687.0;;607.0;
-4667.0;258.1;;
-4661.0;;;265.0
-4660.0;;595.0;
-4657.0;;601.0;
-4648.0;;599.0;
-4595.0;262.9;;
-4592.0;;602.0;
-4591.0;;;259.0
-4553.0;;602.0;
-4503.0;;617.0;
-4484.0;262.1;;
-4454.0;;588.0;260.0
-4435.0;;587.0;
-4404.0;259.4;;
-4400.0;;581.0;
-4396.0;;580.0;
-4395.0;;;259.0
-4391.0;;577.0;
-4354.0;;592.0;
-4314.0;;583.0;
-4313.0;261.1;;
-4307.0;;577.0;
-4306.0;;;253.0
-4302.0;;590.0;
-4181.0;261.2;;
-4166.0;;590.0;
-4164.0;;;254.0
-4108.0;;597.0;
-4089.0;262.7;;
-4083.0;;581.0;261.0
-4079.0;;597.0;
-4072.0;;592.0;
-4048.0;263.2;;
-4043.0;;602.0;
-4039.0;;564.0;256.0
-3965.0;;584.0;
-3920.0;;570.0;
-3905.0;265.5;;
-3884.0;;575.0;259.0
-3766.0;266.7;;
-3762.0;;586.0;
-3740.0;;;264.0
-3734.0;;584.0;
-3707.0;260.7;581.0;
-3703.0;;570.0;
-3702.0;;;264.0
-3701.0;;578.0;
-3693.0;;571.0;
-3648.0;;591.0;
-3612.0;265.5;;
-3607.0;;568.0;
-3605.0;;;256.0
-3600.0;;563.0;
-3576.0;;581.0;
-3526.0;265.9;;
-3524.0;;580.0;
-3508.0;;566.0;
-3506.0;;;266.0
-3468.0;;570.0;
-3420.0;267.6;;
-3415.0;;;261.0
-3414.0;;565.0;
-3387.0;;577.0;
-3324.0;265.2;;
-3322.0;;564.0;
-3320.0;;561.0;265.0
-3271.0;;574.0;
-3210.0;265.3;;
-3206.0;;558.0;
-3205.0;;;261.0
-3199.0;;553.0;
-3162.0;;551.0;
-3144.0;267.6;;
-3118.0;;563.0;
-3054.0;269.8;;
-3052.0;;561.0;
-3050.0;;;260.0
-2924.0;268.6;;
-2918.0;;568.0;
-2916.0;;;255.0
-2914.0;;573.0;
-2899.0;;570.0;
-2873.0;;579.0;
-2816.0;269.3;;
-2806.0;;;260.0
-2805.0;;563.0;
-2790.0;;570.0;
-2753.0;270.7;;
-2751.0;;560.0;
-2733.0;;563.0;
-2732.0;;;268.0
-2675.0;;560.0;
-2639.0;;580.0;
-2623.0;271.5;;
-2602.0;;;259.0
-2601.0;;560.0;
-2546.0;;580.0;
-2530.0;269.8;;
-2524.0;;562.0;
-2523.0;;;269.0
-2521.0;;582.0;
-2511.0;;568.0;
-2490.0;;570.0;
-2424.0;269.1;;
-2416.0;;570.0;
-2415.0;;;263.0
-2407.0;;584.0;
-2375.0;;579.0;
-2374.0;271.1;;
-2359.0;;568.0;269.0
-2355.0;;577.0;270.0
-2223.0;;582.0;
-2211.0;271.5;;
-2192.0;;570.0;
-2191.0;;;271.0
-2146.0;272.8;;
-2132.0;;563.0;
-2131.0;;;265.0
-2129.0;;576.0;
-2128.0;;;262.0
-2054.0;271.6;;
-2044.0;;568.0;262.0
-2036.0;;549.0;
-2015.0;;575.0;
-1960.0;271.7;;
-1955.0;;578.0;264.0
-1942.0;;574.0;
-1840.0;274.9;;
-1823.0;;576.0;
-1822.0;;;256.0
-1771.0;275.4;;
-1747.0;;581.0;261.0
-1740.0;;578.0;
-1672.0;271.5;;
-1664.0;;578.0;
-1662.0;;;260.0
-1652.0;;596.0;
-1622.0;;575.0;
-1573.0;273.0;;
-1567.0;;560.0;261.0
-1556.0;;570.0;
-1503.0;273.4;;
-1483.0;;573.0;261.0
-1410.0;;589.0;
-1386.0;275.0;;
-1358.0;;581.0;
-1357.0;;;262.0
-1265.0;274.0;;
-1260.0;;568.0;
-1258.0;;;262.0
-1189.0;;589.0;
-1166.0;273.1;;
-1157.0;;576.0;
-1156.0;;;264.0
-1103.0;276.3;;
-1078.0;;;268.0
-1076.0;;573.0;
-1048.0;;581.0;
-952.0;274.6;;
-927.0;;577.0;268.0
-907.0;;577.0;
-856.0;276.3;;
-850.0;;578.0;
-849.0;;;268.0
-843.0;;580.0;
-785.0;;583.0;
-778.0;274.7;;
-774.0;;588.0;
-770.0;;580.0;
-769.0;;;263.0
-767.0;;590.0;
-674.0;;586.0;
-654.0;275.3;;
-653.0;;;267.0
-652.0;;592.0;
-586.0;278.9;;
-569.0;;590.0;
-566.0;;;271.0
-565.0;;603.0;
-532.0;;579.0;
-483.0;273.9;;
-476.0;;;268.0
-474.0;;592.0;
-464.0;;604.0;
-439.0;;593.0;
-384.0;277.9;;
-375.0;;597.0;268.0
-371.0;;594.0;
-359.0;;595.0;
-325.0;;597.0;
-262.0;277.6;;
-258.0;;602.0;
-257.0;;;268.0
-178.0;276.7;;
-169.0;;609.0;268.0
-165.0;;594.0;
-154.0;;591.0;
-107.0;276.7;;
-95.0;;604.0;264.0
-45.0;;599.0;
-1.0;;605.0;
19.0;276.9;;
43.0;;613.0;
44.0;;;267.0
138.0;278.0;;
157.0;;613.0;
158.0;;;268.0
176.0;;618.0;
217.0;278.7;;
223.0;;;269.0
224.0;;623.0;
233.0;;615.0;
273.0;;623.0;
312.0;278.9;;
321.0;;623.0;
322.0;;;264.0
330.0;;610.0;
398.0;280.0;;
399.0;;630.0;
423.0;;632.0;266.0
497.0;279.2;;
507.0;;638.0;
519.0;;631.0;263.0
600.0;277.4;;
601.0;;650.0;
612.0;;635.0;
613.0;;;261.0
702.0;;635.0;
717.0;278.7;;
725.0;;629.0;
733.0;;643.0;
797.0;277.7;;
818.0;;644.0;
820.0;;;269.0
858.0;;633.0;
890.0;279.1;;
912.0;;;261.0
913.0;;635.0;
1000.0;276.6;;
1004.0;;636.0;262.0
1008.0;;666.0;
1010.0;279.5;;
1011.0;;640.0;
1015.0;279.6;;
1020.0;279.7;;
1025.0;279.8;;
1030.0;279.9;;
1035.0;280.0;;
1040.0;280.2;;
1045.0;280.3;;
1048.0;;678.0;
1050.0;280.5;;
1053.0;;648.0;
1055.0;280.7;;
1060.0;280.9;;
1065.0;281.1;;
1070.0;281.3;;
1073.0;278.4;;
1075.0;281.5;;
1080.0;281.7;;
1081.0;;647.0;262.0
1085.0;281.9;;
1089.0;;664.0;
1090.0;282.1;;
1095.0;282.3;;
1098.0;;676.0;
1100.0;282.5;;
1105.0;282.7;;
1110.0;282.9;;
1115.0;283.0;;
1120.0;283.2;;
1125.0;283.3;;
1130.0;283.5;;
1135.0;283.6;;
1140.0;283.7;;
1145.0;283.8;;
1148.0;;686.0;
1150.0;283.9;;
1155.0;284.0;;
1160.0;284.0;;
1165.0;284.1;;
1170.0;284.1;;
1175.0;284.1;;
1180.0;284.0;;
1185.0;284.0;;
1190.0;283.9;;
1195.0;283.8;;
1196.0;280.1;;
1198.0;;684.0;
1200.0;283.6;;
1205.0;283.4;;
1208.0;;643.0;267.0
1210.0;283.2;;
1214.0;;680.0;266.0
1215.0;283.0;;
1220.0;282.8;;
1225.0;282.5;;
1230.0;282.3;;
1235.0;282.2;;
1240.0;282.0;;
1245.0;281.9;;
1248.0;;661.0;
1250.0;281.9;;
1255.0;281.9;;
1260.0;282.0;;
1265.0;282.1;;
1270.0;282.2;;
1272.0;;669.0;
1275.0;282.3;;
1278.0;282.2;;
1280.0;282.5;;
1282.0;;667.0;
1283.0;;;263.0
1285.0;282.6;;
1290.0;282.8;;
1295.0;282.9;;
1300.0;283.0;;
1305.0;283.1;;
1310.0;283.2;;
1315.0;283.3;;
1320.0;283.3;;
1325.0;283.2;;
1329.0;;673.0;
1330.0;283.1;;
1335.0;282.9;;
1340.0;282.7;;
1345.0;282.4;;
1350.0;282.1;;
1355.0;281.8;;
1360.0;281.5;;
1365.0;281.2;;
1370.0;281.0;;
1375.0;280.7;;
1380.0;280.5;;
1385.0;280.4;;
1389.0;;678.0;
1390.0;280.3;;
1391.0;281.1;;
1395.0;280.3;;
1397.0;;680.0;
1398.0;;;267.0
1400.0;280.3;;
1405.0;280.4;;
1410.0;280.5;;
1411.0;;668.0;
1415.0;280.6;;
1417.0;;670.0;
1420.0;280.7;;
1425.0;280.8;;
1430.0;280.9;;
1435.0;280.9;;
1440.0;280.9;;
1445.0;280.9;;
1448.0;;682.0;
1450.0;280.8;;
1455.0;280.7;;
1460.0;280.6;;
1465.0;277.7;;
1467.0;;671.0;
1470.0;280.6;;
1471.0;;;258.0
1472.0;;644.0;
1475.0;280.8;;
1480.0;281.0;;
1485.0;281.3;;
1490.0;281.6;;
1491.0;;670.0;
1495.0;281.9;;
1500.0;282.2;;
1501.0;;693.0;
1505.0;282.5;;
1510.0;282.7;;
1515.0;282.9;;
1520.0;283.1;;
1525.0;283.2;;
1529.0;;699.0;
1530.0;283.2;;
1535.0;283.2;;
1540.0;283.1;;
1545.0;283.0;;
1546.0;281.9;;
1547.0;;681.0;
1549.0;;704.0;
1550.0;282.8;;
1555.0;279.1;;
1560.0;282.2;;
1565.0;281.8;;
1568.0;;684.0;
1569.0;;;268.0
1570.0;281.2;;
1572.0;;685.0;
1575.0;280.5;;
1580.0;279.7;;
1585.0;278.8;;
1590.0;278.0;;
1591.0;;665.0;
1595.0;277.1;;
1600.0;276.4;;
1605.0;275.8;;
1606.0;;668.0;
1610.0;275.5;;
1615.0;275.3;;
1620.0;275.3;;
1622.0;;679.0;
1625.0;275.4;;
1630.0;275.6;;
1635.0;275.9;;
1640.0;276.1;;
1645.0;276.3;;
1649.0;;675.0;
1650.0;276.4;;
1653.0;;676.0;
1655.0;276.5;;
1660.0;276.5;;
1665.0;276.5;;
1670.0;276.4;;
1671.0;277.9;;
1675.0;276.4;;
1680.0;276.4;;
1681.0;;692.0;
1682.0;274.9;;
1685.0;276.4;;
1690.0;276.5;;263.0
1692.0;;679.0;
1694.0;;676.0;
1695.0;276.6;;
1700.0;276.7;;
1705.0;276.8;;
1710.0;276.9;;
1715.0;277.0;;
1720.0;277.0;;
1722.0;;672.0;
1725.0;277.0;;
1730.0;277.0;;
1735.0;276.9;;
1740.0;276.9;;
1743.0;;683.0;
1744.0;276.8;;
1745.0;276.9;;269.0
1748.0;;696.0;
1749.0;;693.0;
1750.0;277.0;;
1751.0;;697.0;
1755.0;277.2;;
1760.0;277.6;;
1762.0;;703.0;
1764.0;276.7;;
1765.0;278.0;;
1766.0;;727.0;
1770.0;278.6;;
1775.0;279.3;;
1779.0;;714.0;
1780.0;280.1;;
1785.0;280.8;;
1790.0;281.6;;
1791.0;279.7;;
1795.0;282.3;;
1796.0;;717.0;
1798.0;;729.0;
1799.0;;710.0;
1800.0;282.9;;
1805.0;283.4;;
1810.0;283.8;;
1813.0;280.4;;
1815.0;284.0;;
1816.0;283.8;;
1820.0;284.2;762.0;
1821.0;;;267.0
1824.0;;784.0;
1825.0;284.3;;
1827.0;;756.0;
1830.0;284.4;;
1834.0;;756.0;
1835.0;284.5;;
1839.0;283.1;;
1840.0;284.6;;
1842.0;;767.0;
1843.0;287.4;;
1845.0;284.8;;
1847.0;286.8;764.0;
1850.0;285.2;;
1852.0;;786.0;
1854.0;288.2;;
1855.0;285.7;;
1856.0;;776.0;
1860.0;286.3;;
1863.0;;790.0;
1865.0;287.2;;
1869.0;289.3;;
1870.0;288.2;;
1871.0;;812.0;
1874.0;289.5;;
1875.0;289.4;;
1878.0;290.3;;
1879.0;;822.0;
1880.0;290.8;;
1884.0;;829.0;
1885.0;292.3;;
1887.0;292.3;;
1888.0;;834.0;
1890.0;293.7;;
1893.0;;837.0;
1894.0;;852.0;
1895.0;295.2;;
1899.0;295.8;;
1900.0;296.7;862.0;
1901.0;;868.0;
1903.0;294.8;;279.0
1905.0;298.2;;
1907.0;;888.0;
1909.0;299.2;;
1910.0;299.9;;
1914.0;;922.0;
1915.0;301.5;;
1917.0;;930.0;
1920.0;303.2;;281.0
1921.0;301.6;;
1925.0;304.9;;
1926.0;;990.0;
1927.0;305.5;;
1928.0;;997.0;
1930.0;306.5;;
1931.0;;1006.0;
1934.0;;1023.0;
1935.0;308.0;;
1936.0;;1045.0;
1937.0;;907.0;285.0
1938.0;;1053.0;
1940.0;309.3;1060.0;
1941.0;;1059.0;
1942.0;;1069.0;
1943.0;307.9;;
1944.0;;1083.0;
1945.0;310.5;;
1946.0;;1082.0;
1950.0;312.0;1103.0;
1953.0;312.7;;
1954.0;;;286.0
1955.0;314.1;1143.0;
1956.0;;1173.0;
1957.0;;1183.0;
1958.0;;;288.0
1959.0;315.97;;
1960.0;316.9;;
1961.0;317.64;1219.0;
1962.0;318.45;;
1963.0;318.99;;
1964.0;319.62;1260.0;291.0
1965.0;320.5;1261.0;
1966.0;321.38;;
1967.0;322.16;1284.0;292.0
1968.0;323.04;;
1969.0;324.62;;294.0
1970.0;324.7;1352.0;294.0
1971.0;326.32;1357.0;294.0
1972.0;327.45;1380.0;296.0
1973.0;329.68;1386.0;296.0
1974.0;330.18;1422.0;296.0
1975.0;329.4;1420.0;298.0
1976.0;332.05;;297.0
1977.0;333.78;1458.0;299.0
1978.0;335.41;;
1979.0;336.78;;301.0
1980.0;338.68;1480.0;301.0
1981.0;340.1;;301.0
1982.0;341.44;;303.0
1983.0;343.03;;304.0
1984.0;344.58;1656.0;304.0
1985.0;346.04;1607.0;304.0
1986.0;347.39;1619.0;305.0
1987.0;349.16;1632.0;305.0
1988.0;351.56;1641.0;306.0
1989.0;353.07;1655.0;307.0
1990.0;354.35;1665.0;308.0
1991.0;355.57;1672.0;309.0
1992.0;356.38;1687.0;310.0
1993.0;357.07;1688.0;310.0
1994.0;358.82;1693.0;310.0
1995.0;360.8;1701.0;311.0
1996.0;362.59;1703.0;312.0
1997.0;363.71;1709.0;313.0
1998.0;366.65;1716.0;313.0
1999.0;368.33;1727.0;314.0
2000.0;369.52;1729.0;315.0
2001.0;371.13;1727.0;316.0
2002.0;373.22;1728.0;317.0
2003.0;375.77;1729.0;317.0
2004.0;377.49;1729.0;318.0
2005.0;379.8;1727.0;318.0
2006.0;381.9;1727.0;319.0
2007.0;383.76;1733.0;320.0
2008.0;385.59;1740.0;321.0
2009.0;387.37;1744.0;322.0
2010.0;389.85;1751.0;322.0
2011.0;391.63;1758.0;323.0
2012.0;393.82;1761.0;324.0
2013.0;396.48;1766.0;325.0
2014.0;398.61;1775.0;326.0
2015.0;400.83;1786.0;327.0
2016.0;404.41;1792.0;328.0
2017.0;406.76;1798.0;329.0
2018.0;408.72;1811.0;330.0
2019.0;411.66;1817.0;331.0
2020.0;414.24;1825.0;332.0